"File Name","Folder","Condition 1","Condition 2","Condition 3","Condition 4","Condition 5","variable","value"
"C1 2019_04_23_0000 Iso 100nM","MM_SAN_CTRL_100nM.ISO_Spont","MM","SAN","CTRL","100nM.ISO","Spont","Ediast (mV)",-63.3996541595459
"C1 2019_04_30_0000 Iso 100nM","MM_SAN_CTRL_100nM.ISO_Spont","MM","SAN","CTRL","100nM.ISO","Spont","Ediast (mV)",-66.3525314331055
"C1 2019_05_15_0000 Iso 100nM","MM_SAN_CTRL_100nM.ISO_Spont","MM","SAN","CTRL","100nM.ISO","Spont","Ediast (mV)",-77.9553146362305
"C1 2019_06_06_0000 Iso 100nM","MM_SAN_CTRL_100nM.ISO_Spont","MM","SAN","CTRL","100nM.ISO","Spont","Ediast (mV)",-75.9716720581055
"C1 2019_06_14_0000 Iso 100nM","MM_SAN_CTRL_100nM.ISO_Spont","MM","SAN","CTRL","100nM.ISO","Spont","Ediast (mV)",-60.6445274353027
"C1 2019_07_03_0000 Iso 100nM","MM_SAN_CTRL_100nM.ISO_Spont","MM","SAN","CTRL","100nM.ISO","Spont","Ediast (mV)",-58.7243614196777
"C2 2019_05_16_0001 Iso 100nM","MM_SAN_CTRL_100nM.ISO_Spont","MM","SAN","CTRL","100nM.ISO","Spont","Ediast (mV)",-60.4296836853027
"C2 2019_06_03_0001 Iso 100nM","MM_SAN_CTRL_100nM.ISO_Spont","MM","SAN","CTRL","100nM.ISO","Spont","Ediast (mV)",-76.8823165893555
"C3 2019_05_31_0003 Iso 100nM","MM_SAN_CTRL_100nM.ISO_Spont","MM","SAN","CTRL","100nM.ISO","Spont","Ediast (mV)",-63.0847129821777
"C3 2019_06_03_0002 Iso 100nM","MM_SAN_CTRL_100nM.ISO_Spont","MM","SAN","CTRL","100nM.ISO","Spont","Ediast (mV)",-62.8930625915527
"C3 2019_06_14_0002 Iso 100nM","MM_SAN_CTRL_100nM.ISO_Spont","MM","SAN","CTRL","100nM.ISO","Spont","Ediast (mV)",-66.0839767456055
"C6 2019_05_27_0005 Iso 100nM","MM_SAN_CTRL_100nM.ISO_Spont","MM","SAN","CTRL","100nM.ISO","Spont","Ediast (mV)",-61.36474609375
"C1 2019_04_23_0000 Tyr","MM_SAN_CTRL_Tyr_Spont","MM","SAN","CTRL","Tyr","Spont","Ediast (mV)",-64.9035568237305
"C1 2019_04_30_0000 Tyr","MM_SAN_CTRL_Tyr_Spont","MM","SAN","CTRL","Tyr","Spont","Ediast (mV)",-64.0331970214844
"C1 2019_05_15_0000 Tyr","MM_SAN_CTRL_Tyr_Spont","MM","SAN","CTRL","Tyr","Spont","Ediast (mV)",-74.4042892456055
"C1 2019_06_06_0000 Tyr","MM_SAN_CTRL_Tyr_Spont","MM","SAN","CTRL","Tyr","Spont","Ediast (mV)",-65.7641525268555
"C1 2019_06_14_0000 Tyr","MM_SAN_CTRL_Tyr_Spont","MM","SAN","CTRL","Tyr","Spont","Ediast (mV)",-53.5864219665527
"C1 2019_07_03_0000 Tyr","MM_SAN_CTRL_Tyr_Spont","MM","SAN","CTRL","Tyr","Spont","Ediast (mV)",-49.1296348571777
"C2 2019_05_16_0001 Tyr","MM_SAN_CTRL_Tyr_Spont","MM","SAN","CTRL","Tyr","Spont","Ediast (mV)",-52.3693809509277
"C2 2019_06_03_0001 Tyr","MM_SAN_CTRL_Tyr_Spont","MM","SAN","CTRL","Tyr","Spont","Ediast (mV)",-70.7592697143555
"C3 2019_05_31_0003 Tyrode","MM_SAN_CTRL_Tyr_Spont","MM","SAN","CTRL","Tyr","Spont","Ediast (mV)",-57.0373497009277
"C3 2019_06_03_0002 Tyr","MM_SAN_CTRL_Tyr_Spont","MM","SAN","CTRL","Tyr","Spont","Ediast (mV)",-55.0988731384277
"C3 2019_06_14_0002 Tyr","MM_SAN_CTRL_Tyr_Spont","MM","SAN","CTRL","Tyr","Spont","Ediast (mV)",-61.2951622009277
"C6 2019_05_27_0005 Tyr","MM_SAN_CTRL_Tyr_Spont","MM","SAN","CTRL","Tyr","Spont","Ediast (mV)",-64.080810546875
"C1 2019_04_23_0000 Iso 100nM","MM_SAN_CTRL_100nM.ISO_Spont","MM","SAN","CTRL","100nM.ISO","Spont","Peak (mV)",19.6533184051514
"C1 2019_04_30_0000 Iso 100nM","MM_SAN_CTRL_100nM.ISO_Spont","MM","SAN","CTRL","100nM.ISO","Spont","Peak (mV)",24.3530254364014
"C1 2019_05_15_0000 Iso 100nM","MM_SAN_CTRL_100nM.ISO_Spont","MM","SAN","CTRL","100nM.ISO","Spont","Peak (mV)",11.5112295150757
"C1 2019_06_06_0000 Iso 100nM","MM_SAN_CTRL_100nM.ISO_Spont","MM","SAN","CTRL","100nM.ISO","Spont","Peak (mV)",30.8837871551514
"C1 2019_06_14_0000 Iso 100nM","MM_SAN_CTRL_100nM.ISO_Spont","MM","SAN","CTRL","100nM.ISO","Spont","Peak (mV)",39.2089805603027
"C1 2019_07_03_0000 Iso 100nM","MM_SAN_CTRL_100nM.ISO_Spont","MM","SAN","CTRL","100nM.ISO","Spont","Peak (mV)",25.2197246551514
"C2 2019_05_16_0001 Iso 100nM","MM_SAN_CTRL_100nM.ISO_Spont","MM","SAN","CTRL","100nM.ISO","Spont","Peak (mV)",21.8627910614014
"C2 2019_06_03_0001 Iso 100nM","MM_SAN_CTRL_100nM.ISO_Spont","MM","SAN","CTRL","100nM.ISO","Spont","Peak (mV)",25.4760723114014
"C3 2019_05_31_0003 Iso 100nM","MM_SAN_CTRL_100nM.ISO_Spont","MM","SAN","CTRL","100nM.ISO","Spont","Peak (mV)",14.2944326400757
"C3 2019_06_03_0002 Iso 100nM","MM_SAN_CTRL_100nM.ISO_Spont","MM","SAN","CTRL","100nM.ISO","Spont","Peak (mV)",16.5893537521362
"C3 2019_06_14_0002 Iso 100nM","MM_SAN_CTRL_100nM.ISO_Spont","MM","SAN","CTRL","100nM.ISO","Spont","Peak (mV)",29.7729473114014
"C6 2019_05_27_0005 Iso 100nM","MM_SAN_CTRL_100nM.ISO_Spont","MM","SAN","CTRL","100nM.ISO","Spont","Peak (mV)",11.04736328125
"C1 2019_04_23_0000 Tyr","MM_SAN_CTRL_Tyr_Spont","MM","SAN","CTRL","Tyr","Spont","Peak (mV)",16.6137680053711
"C1 2019_04_30_0000 Tyr","MM_SAN_CTRL_Tyr_Spont","MM","SAN","CTRL","Tyr","Spont","Peak (mV)",17.0654277801514
"C1 2019_05_15_0000 Tyr","MM_SAN_CTRL_Tyr_Spont","MM","SAN","CTRL","Tyr","Spont","Peak (mV)",12.7929677963257
"C1 2019_06_06_0000 Tyr","MM_SAN_CTRL_Tyr_Spont","MM","SAN","CTRL","Tyr","Spont","Peak (mV)",28.0761699676514
"C1 2019_06_14_0000 Tyr","MM_SAN_CTRL_Tyr_Spont","MM","SAN","CTRL","Tyr","Spont","Peak (mV)",31.7260723114014
"C1 2019_07_03_0000 Tyr","MM_SAN_CTRL_Tyr_Spont","MM","SAN","CTRL","Tyr","Spont","Peak (mV)",8.26415929794311
"C2 2019_05_16_0001 Tyr","MM_SAN_CTRL_Tyr_Spont","MM","SAN","CTRL","Tyr","Spont","Peak (mV)",9.79003810882568
"C2 2019_06_03_0001 Tyr","MM_SAN_CTRL_Tyr_Spont","MM","SAN","CTRL","Tyr","Spont","Peak (mV)",8.25195226669311
"C3 2019_05_31_0003 Tyrode","MM_SAN_CTRL_Tyr_Spont","MM","SAN","CTRL","Tyr","Spont","Peak (mV)",-3.21044896841049
"C3 2019_06_03_0002 Tyr","MM_SAN_CTRL_Tyr_Spont","MM","SAN","CTRL","Tyr","Spont","Peak (mV)",5.10253863334656
"C3 2019_06_14_0002 Tyr","MM_SAN_CTRL_Tyr_Spont","MM","SAN","CTRL","Tyr","Spont","Peak (mV)",35.0097618103027
"C6 2019_05_27_0005 Tyr","MM_SAN_CTRL_Tyr_Spont","MM","SAN","CTRL","Tyr","Spont","Peak (mV)",8.544921875
"C1 2019_04_23_0000 Iso 100nM","MM_SAN_CTRL_100nM.ISO_Spont","MM","SAN","CTRL","100nM.ISO","Spont","APA (mV)",83.0529725646973
"C1 2019_04_30_0000 Iso 100nM","MM_SAN_CTRL_100nM.ISO_Spont","MM","SAN","CTRL","100nM.ISO","Spont","APA (mV)",90.7055568695068
"C1 2019_05_15_0000 Iso 100nM","MM_SAN_CTRL_100nM.ISO_Spont","MM","SAN","CTRL","100nM.ISO","Spont","APA (mV)",89.4665441513062
"C1 2019_06_06_0000 Iso 100nM","MM_SAN_CTRL_100nM.ISO_Spont","MM","SAN","CTRL","100nM.ISO","Spont","APA (mV)",106.855459213257
"C1 2019_06_14_0000 Iso 100nM","MM_SAN_CTRL_100nM.ISO_Spont","MM","SAN","CTRL","100nM.ISO","Spont","APA (mV)",99.8535079956055
"C1 2019_07_03_0000 Iso 100nM","MM_SAN_CTRL_100nM.ISO_Spont","MM","SAN","CTRL","100nM.ISO","Spont","APA (mV)",83.9440860748291
"C2 2019_05_16_0001 Iso 100nM","MM_SAN_CTRL_100nM.ISO_Spont","MM","SAN","CTRL","100nM.ISO","Spont","APA (mV)",82.2924747467041
"C2 2019_06_03_0001 Iso 100nM","MM_SAN_CTRL_100nM.ISO_Spont","MM","SAN","CTRL","100nM.ISO","Spont","APA (mV)",102.358388900757
"C3 2019_05_31_0003 Iso 100nM","MM_SAN_CTRL_100nM.ISO_Spont","MM","SAN","CTRL","100nM.ISO","Spont","APA (mV)",77.3791456222534
"C3 2019_06_03_0002 Iso 100nM","MM_SAN_CTRL_100nM.ISO_Spont","MM","SAN","CTRL","100nM.ISO","Spont","APA (mV)",79.482416343689
"C3 2019_06_14_0002 Iso 100nM","MM_SAN_CTRL_100nM.ISO_Spont","MM","SAN","CTRL","100nM.ISO","Spont","APA (mV)",95.8569240570068
"C6 2019_05_27_0005 Iso 100nM","MM_SAN_CTRL_100nM.ISO_Spont","MM","SAN","CTRL","100nM.ISO","Spont","APA (mV)",72.412109375
"C1 2019_04_23_0000 Tyr","MM_SAN_CTRL_Tyr_Spont","MM","SAN","CTRL","Tyr","Spont","APA (mV)",81.5173248291016
"C1 2019_04_30_0000 Tyr","MM_SAN_CTRL_Tyr_Spont","MM","SAN","CTRL","Tyr","Spont","APA (mV)",81.0986248016357
"C1 2019_05_15_0000 Tyr","MM_SAN_CTRL_Tyr_Spont","MM","SAN","CTRL","Tyr","Spont","APA (mV)",87.1972570419312
"C1 2019_06_06_0000 Tyr","MM_SAN_CTRL_Tyr_Spont","MM","SAN","CTRL","Tyr","Spont","APA (mV)",93.8403224945068
"C1 2019_06_14_0000 Tyr","MM_SAN_CTRL_Tyr_Spont","MM","SAN","CTRL","Tyr","Spont","APA (mV)",85.3124942779541
"C1 2019_07_03_0000 Tyr","MM_SAN_CTRL_Tyr_Spont","MM","SAN","CTRL","Tyr","Spont","APA (mV)",57.3937941551209
"C2 2019_05_16_0001 Tyr","MM_SAN_CTRL_Tyr_Spont","MM","SAN","CTRL","Tyr","Spont","APA (mV)",62.1594190597534
"C2 2019_06_03_0001 Tyr","MM_SAN_CTRL_Tyr_Spont","MM","SAN","CTRL","Tyr","Spont","APA (mV)",79.0112219810486
"C3 2019_05_31_0003 Tyrode","MM_SAN_CTRL_Tyr_Spont","MM","SAN","CTRL","Tyr","Spont","APA (mV)",53.8269007325172
"C3 2019_06_03_0002 Tyr","MM_SAN_CTRL_Tyr_Spont","MM","SAN","CTRL","Tyr","Spont","APA (mV)",60.2014117717743
"C3 2019_06_14_0002 Tyr","MM_SAN_CTRL_Tyr_Spont","MM","SAN","CTRL","Tyr","Spont","APA (mV)",96.3049240112305
"C6 2019_05_27_0005 Tyr","MM_SAN_CTRL_Tyr_Spont","MM","SAN","CTRL","Tyr","Spont","APA (mV)",72.625732421875
"C1 2019_04_23_0000 Iso 100nM","MM_SAN_CTRL_100nM.ISO_Spont","MM","SAN","CTRL","100nM.ISO","Spont","dV/dt max y (V/s)",41.0156173703852
"C1 2019_04_30_0000 Iso 100nM","MM_SAN_CTRL_100nM.ISO_Spont","MM","SAN","CTRL","100nM.ISO","Spont","dV/dt max y (V/s)",85.4492149359245
"C1 2019_05_15_0000 Iso 100nM","MM_SAN_CTRL_100nM.ISO_Spont","MM","SAN","CTRL","100nM.ISO","Spont","dV/dt max y (V/s)",43.4570312496732
"C1 2019_06_06_0000 Iso 100nM","MM_SAN_CTRL_100nM.ISO_Spont","MM","SAN","CTRL","100nM.ISO","Spont","dV/dt max y (V/s)",182.373027801525
"C1 2019_06_14_0000 Iso 100nM","MM_SAN_CTRL_100nM.ISO_Spont","MM","SAN","CTRL","100nM.ISO","Spont","dV/dt max y (V/s)",140.991198619127
"C1 2019_07_03_0000 Iso 100nM","MM_SAN_CTRL_100nM.ISO_Spont","MM","SAN","CTRL","100nM.ISO","Spont","dV/dt max y (V/s)",16.6829427083726
"C2 2019_05_16_0001 Iso 100nM","MM_SAN_CTRL_100nM.ISO_Spont","MM","SAN","CTRL","100nM.ISO","Spont","dV/dt max y (V/s)",28.076165517219
"C2 2019_06_03_0001 Iso 100nM","MM_SAN_CTRL_100nM.ISO_Spont","MM","SAN","CTRL","100nM.ISO","Spont","dV/dt max y (V/s)",83.2112566632236
"C3 2019_05_31_0003 Iso 100nM","MM_SAN_CTRL_100nM.ISO_Spont","MM","SAN","CTRL","100nM.ISO","Spont","dV/dt max y (V/s)",10.5794268845683
"C3 2019_06_03_0002 Iso 100nM","MM_SAN_CTRL_100nM.ISO_Spont","MM","SAN","CTRL","100nM.ISO","Spont","dV/dt max y (V/s)",25.634765625373
"C3 2019_06_14_0002 Iso 100nM","MM_SAN_CTRL_100nM.ISO_Spont","MM","SAN","CTRL","100nM.ISO","Spont","dV/dt max y (V/s)",89.8437423705184
"C6 2019_05_27_0005 Iso 100nM","MM_SAN_CTRL_100nM.ISO_Spont","MM","SAN","CTRL","100nM.ISO","Spont","dV/dt max y (V/s)",33.5693359375444
"C1 2019_04_23_0000 Tyr","MM_SAN_CTRL_Tyr_Spont","MM","SAN","CTRL","Tyr","Spont","dV/dt max y (V/s)",60.7910079956374
"C1 2019_04_30_0000 Tyr","MM_SAN_CTRL_Tyr_Spont","MM","SAN","CTRL","Tyr","Spont","dV/dt max y (V/s)",49.804687500183
"C1 2019_05_15_0000 Tyr","MM_SAN_CTRL_Tyr_Spont","MM","SAN","CTRL","Tyr","Spont","dV/dt max y (V/s)",51.4439174109173
"C1 2019_06_06_0000 Tyr","MM_SAN_CTRL_Tyr_Spont","MM","SAN","CTRL","Tyr","Spont","dV/dt max y (V/s)",93.7500000001652
"C1 2019_06_14_0000 Tyr","MM_SAN_CTRL_Tyr_Spont","MM","SAN","CTRL","Tyr","Spont","dV/dt max y (V/s)",65.1041603090007
"C1 2019_07_03_0000 Tyr","MM_SAN_CTRL_Tyr_Spont","MM","SAN","CTRL","Tyr","Spont","dV/dt max y (V/s)",8.08715811934039
"C2 2019_05_16_0001 Tyr","MM_SAN_CTRL_Tyr_Spont","MM","SAN","CTRL","Tyr","Spont","dV/dt max y (V/s)",17.7001857756924
"C2 2019_06_03_0001 Tyr","MM_SAN_CTRL_Tyr_Spont","MM","SAN","CTRL","Tyr","Spont","dV/dt max y (V/s)",25.8789062500169
"C3 2019_05_31_0003 Tyrode","MM_SAN_CTRL_Tyr_Spont","MM","SAN","CTRL","Tyr","Spont","dV/dt max y (V/s)",7.52766927085406
"C3 2019_06_03_0002 Tyr","MM_SAN_CTRL_Tyr_Spont","MM","SAN","CTRL","Tyr","Spont","dV/dt max y (V/s)",11.8582589285568
"C3 2019_06_14_0002 Tyr","MM_SAN_CTRL_Tyr_Spont","MM","SAN","CTRL","Tyr","Spont","dV/dt max y (V/s)",113.037102222031
"C6 2019_05_27_0005 Tyr","MM_SAN_CTRL_Tyr_Spont","MM","SAN","CTRL","Tyr","Spont","dV/dt max y (V/s)",26.5370244569079
"C1 2019_04_23_0000 Iso 100nM","MM_SAN_CTRL_100nM.ISO_Spont","MM","SAN","CTRL","100nM.ISO","Spont","Negative dV/dt max y (V/s)",-9.76562500056843
"C1 2019_04_30_0000 Iso 100nM","MM_SAN_CTRL_100nM.ISO_Spont","MM","SAN","CTRL","100nM.ISO","Spont","Negative dV/dt max y (V/s)",-9.52146911634949
"C1 2019_05_15_0000 Iso 100nM","MM_SAN_CTRL_100nM.ISO_Spont","MM","SAN","CTRL","100nM.ISO","Spont","Negative dV/dt max y (V/s)",-11.4746093750782
"C1 2019_06_06_0000 Iso 100nM","MM_SAN_CTRL_100nM.ISO_Spont","MM","SAN","CTRL","100nM.ISO","Spont","Negative dV/dt max y (V/s)",-10.7421875000142
"C1 2019_06_14_0000 Iso 100nM","MM_SAN_CTRL_100nM.ISO_Spont","MM","SAN","CTRL","100nM.ISO","Spont","Negative dV/dt max y (V/s)",-8.05664062502398
"C1 2019_07_03_0000 Iso 100nM","MM_SAN_CTRL_100nM.ISO_Spont","MM","SAN","CTRL","100nM.ISO","Spont","Negative dV/dt max y (V/s)",-8.30077743533027
"C2 2019_05_16_0001 Iso 100nM","MM_SAN_CTRL_100nM.ISO_Spont","MM","SAN","CTRL","100nM.ISO","Spont","Negative dV/dt max y (V/s)",-6.59179687502487
"C2 2019_06_03_0001 Iso 100nM","MM_SAN_CTRL_100nM.ISO_Spont","MM","SAN","CTRL","100nM.ISO","Spont","Negative dV/dt max y (V/s)",-8.78905868528852
"C3 2019_05_31_0003 Iso 100nM","MM_SAN_CTRL_100nM.ISO_Spont","MM","SAN","CTRL","100nM.ISO","Spont","Negative dV/dt max y (V/s)",-7.56835937498579
"C3 2019_06_03_0002 Iso 100nM","MM_SAN_CTRL_100nM.ISO_Spont","MM","SAN","CTRL","100nM.ISO","Spont","Negative dV/dt max y (V/s)",-7.81249618535425
"C3 2019_06_14_0002 Iso 100nM","MM_SAN_CTRL_100nM.ISO_Spont","MM","SAN","CTRL","100nM.ISO","Spont","Negative dV/dt max y (V/s)",-8.78906226163826
"C6 2019_05_27_0005 Iso 100nM","MM_SAN_CTRL_100nM.ISO_Spont","MM","SAN","CTRL","100nM.ISO","Spont","Negative dV/dt max y (V/s)",-31.7382812504619
"C1 2019_04_23_0000 Tyr","MM_SAN_CTRL_Tyr_Spont","MM","SAN","CTRL","Tyr","Spont","Negative dV/dt max y (V/s)",-10.2538909912003
"C1 2019_04_30_0000 Tyr","MM_SAN_CTRL_Tyr_Spont","MM","SAN","CTRL","Tyr","Spont","Negative dV/dt max y (V/s)",-10.0097656250702
"C1 2019_05_15_0000 Tyr","MM_SAN_CTRL_Tyr_Spont","MM","SAN","CTRL","Tyr","Spont","Negative dV/dt max y (V/s)",-10.9863281251599
"C1 2019_06_06_0000 Tyr","MM_SAN_CTRL_Tyr_Spont","MM","SAN","CTRL","Tyr","Spont","Negative dV/dt max y (V/s)",-10.9863281249933
"C1 2019_06_14_0000 Tyr","MM_SAN_CTRL_Tyr_Spont","MM","SAN","CTRL","Tyr","Spont","Negative dV/dt max y (V/s)",-7.81250000003375
"C1 2019_07_03_0000 Tyr","MM_SAN_CTRL_Tyr_Spont","MM","SAN","CTRL","Tyr","Spont","Negative dV/dt max y (V/s)",-8.54492169624824
"C2 2019_05_16_0001 Tyr","MM_SAN_CTRL_Tyr_Spont","MM","SAN","CTRL","Tyr","Spont","Negative dV/dt max y (V/s)",-6.59179687507372
"C2 2019_06_03_0001 Tyr","MM_SAN_CTRL_Tyr_Spont","MM","SAN","CTRL","Tyr","Spont","Negative dV/dt max y (V/s)",-11.7187500000817
"C3 2019_05_31_0003 Tyrode","MM_SAN_CTRL_Tyr_Spont","MM","SAN","CTRL","Tyr","Spont","Negative dV/dt max y (V/s)",-7.81250000011369
"C3 2019_06_03_0002 Tyr","MM_SAN_CTRL_Tyr_Spont","MM","SAN","CTRL","Tyr","Spont","Negative dV/dt max y (V/s)",-7.32421779635011
"C3 2019_06_14_0002 Tyr","MM_SAN_CTRL_Tyr_Spont","MM","SAN","CTRL","Tyr","Spont","Negative dV/dt max y (V/s)",-11.9628906250453
"C6 2019_05_27_0005 Tyr","MM_SAN_CTRL_Tyr_Spont","MM","SAN","CTRL","Tyr","Spont","Negative dV/dt max y (V/s)",-30.517578125222
"C1 2019_04_23_0000 Iso 100nM","MM_SAN_CTRL_100nM.ISO_Spont","MM","SAN","CTRL","100nM.ISO","Spont","RR (ms)",121.189999999999
"C1 2019_04_30_0000 Iso 100nM","MM_SAN_CTRL_100nM.ISO_Spont","MM","SAN","CTRL","100nM.ISO","Spont","RR (ms)",153.06
"C1 2019_05_15_0000 Iso 100nM","MM_SAN_CTRL_100nM.ISO_Spont","MM","SAN","CTRL","100nM.ISO","Spont","RR (ms)",119.79
"C1 2019_06_06_0000 Iso 100nM","MM_SAN_CTRL_100nM.ISO_Spont","MM","SAN","CTRL","100nM.ISO","Spont","RR (ms)",175.69
"C1 2019_06_14_0000 Iso 100nM","MM_SAN_CTRL_100nM.ISO_Spont","MM","SAN","CTRL","100nM.ISO","Spont","RR (ms)",115.48
"C1 2019_07_03_0000 Iso 100nM","MM_SAN_CTRL_100nM.ISO_Spont","MM","SAN","CTRL","100nM.ISO","Spont","RR (ms)",141.23
"C2 2019_05_16_0001 Iso 100nM","MM_SAN_CTRL_100nM.ISO_Spont","MM","SAN","CTRL","100nM.ISO","Spont","RR (ms)",139.26
"C2 2019_06_03_0001 Iso 100nM","MM_SAN_CTRL_100nM.ISO_Spont","MM","SAN","CTRL","100nM.ISO","Spont","RR (ms)",171.98
"C3 2019_05_31_0003 Iso 100nM","MM_SAN_CTRL_100nM.ISO_Spont","MM","SAN","CTRL","100nM.ISO","Spont","RR (ms)",141.129999999999
"C3 2019_06_03_0002 Iso 100nM","MM_SAN_CTRL_100nM.ISO_Spont","MM","SAN","CTRL","100nM.ISO","Spont","RR (ms)",152.88
"C3 2019_06_14_0002 Iso 100nM","MM_SAN_CTRL_100nM.ISO_Spont","MM","SAN","CTRL","100nM.ISO","Spont","RR (ms)",103.35
"C6 2019_05_27_0005 Iso 100nM","MM_SAN_CTRL_100nM.ISO_Spont","MM","SAN","CTRL","100nM.ISO","Spont","RR (ms)",144.29
"C1 2019_04_23_0000 Tyr","MM_SAN_CTRL_Tyr_Spont","MM","SAN","CTRL","Tyr","Spont","RR (ms)",238.410000000001
"C1 2019_04_30_0000 Tyr","MM_SAN_CTRL_Tyr_Spont","MM","SAN","CTRL","Tyr","Spont","RR (ms)",277.04
"C1 2019_05_15_0000 Tyr","MM_SAN_CTRL_Tyr_Spont","MM","SAN","CTRL","Tyr","Spont","RR (ms)",416.75
"C1 2019_06_06_0000 Tyr","MM_SAN_CTRL_Tyr_Spont","MM","SAN","CTRL","Tyr","Spont","RR (ms)",269.82
"C1 2019_06_14_0000 Tyr","MM_SAN_CTRL_Tyr_Spont","MM","SAN","CTRL","Tyr","Spont","RR (ms)",363.44
"C1 2019_07_03_0000 Tyr","MM_SAN_CTRL_Tyr_Spont","MM","SAN","CTRL","Tyr","Spont","RR (ms)",179.98
"C2 2019_05_16_0001 Tyr","MM_SAN_CTRL_Tyr_Spont","MM","SAN","CTRL","Tyr","Spont","RR (ms)",202.76
"C2 2019_06_03_0001 Tyr","MM_SAN_CTRL_Tyr_Spont","MM","SAN","CTRL","Tyr","Spont","RR (ms)",442.12
"C3 2019_05_31_0003 Tyrode","MM_SAN_CTRL_Tyr_Spont","MM","SAN","CTRL","Tyr","Spont","RR (ms)",287.73
"C3 2019_06_03_0002 Tyr","MM_SAN_CTRL_Tyr_Spont","MM","SAN","CTRL","Tyr","Spont","RR (ms)",223.37
"C3 2019_06_14_0002 Tyr","MM_SAN_CTRL_Tyr_Spont","MM","SAN","CTRL","Tyr","Spont","RR (ms)",281.02
"C6 2019_05_27_0005 Tyr","MM_SAN_CTRL_Tyr_Spont","MM","SAN","CTRL","Tyr","Spont","RR (ms)",238.1
"C1 2019_04_23_0000 Iso 100nM","MM_SAN_CTRL_100nM.ISO_Spont","MM","SAN","CTRL","100nM.ISO","Spont","Frequency (Hz)",8.25150589982676
"C1 2019_04_30_0000 Iso 100nM","MM_SAN_CTRL_100nM.ISO_Spont","MM","SAN","CTRL","100nM.ISO","Spont","Frequency (Hz)",6.53338560041814
"C1 2019_05_15_0000 Iso 100nM","MM_SAN_CTRL_100nM.ISO_Spont","MM","SAN","CTRL","100nM.ISO","Spont","Frequency (Hz)",8.34794223223977
"C1 2019_06_06_0000 Iso 100nM","MM_SAN_CTRL_100nM.ISO_Spont","MM","SAN","CTRL","100nM.ISO","Spont","Frequency (Hz)",5.6918435881382
"C1 2019_06_14_0000 Iso 100nM","MM_SAN_CTRL_100nM.ISO_Spont","MM","SAN","CTRL","100nM.ISO","Spont","Frequency (Hz)",8.65950813993764
"C1 2019_07_03_0000 Iso 100nM","MM_SAN_CTRL_100nM.ISO_Spont","MM","SAN","CTRL","100nM.ISO","Spont","Frequency (Hz)",7.08064858741061
"C2 2019_05_16_0001 Iso 100nM","MM_SAN_CTRL_100nM.ISO_Spont","MM","SAN","CTRL","100nM.ISO","Spont","Frequency (Hz)",7.18081286801666
"C2 2019_06_03_0001 Iso 100nM","MM_SAN_CTRL_100nM.ISO_Spont","MM","SAN","CTRL","100nM.ISO","Spont","Frequency (Hz)",5.81462960809395
"C3 2019_05_31_0003 Iso 100nM","MM_SAN_CTRL_100nM.ISO_Spont","MM","SAN","CTRL","100nM.ISO","Spont","Frequency (Hz)",7.08566569829241
"C3 2019_06_03_0002 Iso 100nM","MM_SAN_CTRL_100nM.ISO_Spont","MM","SAN","CTRL","100nM.ISO","Spont","Frequency (Hz)",6.5410779696494
"C3 2019_06_14_0002 Iso 100nM","MM_SAN_CTRL_100nM.ISO_Spont","MM","SAN","CTRL","100nM.ISO","Spont","Frequency (Hz)",9.67585873246251
"C6 2019_05_27_0005 Iso 100nM","MM_SAN_CTRL_100nM.ISO_Spont","MM","SAN","CTRL","100nM.ISO","Spont","Frequency (Hz)",6.93048721325109
"C1 2019_04_23_0000 Tyr","MM_SAN_CTRL_Tyr_Spont","MM","SAN","CTRL","Tyr","Spont","Frequency (Hz)",4.19445493058176
"C1 2019_04_30_0000 Tyr","MM_SAN_CTRL_Tyr_Spont","MM","SAN","CTRL","Tyr","Spont","Frequency (Hz)",3.60958706323997
"C1 2019_05_15_0000 Tyr","MM_SAN_CTRL_Tyr_Spont","MM","SAN","CTRL","Tyr","Spont","Frequency (Hz)",2.3995200959808
"C1 2019_06_06_0000 Tyr","MM_SAN_CTRL_Tyr_Spont","MM","SAN","CTRL","Tyr","Spont","Frequency (Hz)",3.70617448669483
"C1 2019_06_14_0000 Tyr","MM_SAN_CTRL_Tyr_Spont","MM","SAN","CTRL","Tyr","Spont","Frequency (Hz)",2.75148580233326
"C1 2019_07_03_0000 Tyr","MM_SAN_CTRL_Tyr_Spont","MM","SAN","CTRL","Tyr","Spont","Frequency (Hz)",5.5561729081009
"C2 2019_05_16_0001 Tyr","MM_SAN_CTRL_Tyr_Spont","MM","SAN","CTRL","Tyr","Spont","Frequency (Hz)",4.93193923850858
"C2 2019_06_03_0001 Tyr","MM_SAN_CTRL_Tyr_Spont","MM","SAN","CTRL","Tyr","Spont","Frequency (Hz)",2.26182936759251
"C3 2019_05_31_0003 Tyrode","MM_SAN_CTRL_Tyr_Spont","MM","SAN","CTRL","Tyr","Spont","Frequency (Hz)",3.47548048517708
"C3 2019_06_03_0002 Tyr","MM_SAN_CTRL_Tyr_Spont","MM","SAN","CTRL","Tyr","Spont","Frequency (Hz)",4.47687693065318
"C3 2019_06_14_0002 Tyr","MM_SAN_CTRL_Tyr_Spont","MM","SAN","CTRL","Tyr","Spont","Frequency (Hz)",3.55846558963775
"C6 2019_05_27_0005 Tyr","MM_SAN_CTRL_Tyr_Spont","MM","SAN","CTRL","Tyr","Spont","Frequency (Hz)",4.19991600167997
"C1 2019_04_23_0000 Iso 100nM","MM_SAN_CTRL_100nM.ISO_Spont","MM","SAN","CTRL","100nM.ISO","Spont","SD1",0.79078108362651
"C1 2019_04_30_0000 Iso 100nM","MM_SAN_CTRL_100nM.ISO_Spont","MM","SAN","CTRL","100nM.ISO","Spont","SD1",1.2126881297348
"C1 2019_05_15_0000 Iso 100nM","MM_SAN_CTRL_100nM.ISO_Spont","MM","SAN","CTRL","100nM.ISO","Spont","SD1",0.456083873864774
"C1 2019_06_06_0000 Iso 100nM","MM_SAN_CTRL_100nM.ISO_Spont","MM","SAN","CTRL","100nM.ISO","Spont","SD1",0.786067038419097
"C1 2019_06_14_0000 Iso 100nM","MM_SAN_CTRL_100nM.ISO_Spont","MM","SAN","CTRL","100nM.ISO","Spont","SD1",0.616361410934261
"C1 2019_07_03_0000 Iso 100nM","MM_SAN_CTRL_100nM.ISO_Spont","MM","SAN","CTRL","100nM.ISO","Spont","SD1",0.410121933088146
"C2 2019_05_16_0001 Iso 100nM","MM_SAN_CTRL_100nM.ISO_Spont","MM","SAN","CTRL","100nM.ISO","Spont","SD1",0.538579665003687
"C2 2019_06_03_0001 Iso 100nM","MM_SAN_CTRL_100nM.ISO_Spont","MM","SAN","CTRL","100nM.ISO","Spont","SD1",0.437227693033407
"C3 2019_05_31_0003 Iso 100nM","MM_SAN_CTRL_100nM.ISO_Spont","MM","SAN","CTRL","100nM.ISO","Spont","SD1",1.01587674230361
"C3 2019_06_03_0002 Iso 100nM","MM_SAN_CTRL_100nM.ISO_Spont","MM","SAN","CTRL","100nM.ISO","Spont","SD1",0.802566196646285
"C3 2019_06_14_0002 Iso 100nM","MM_SAN_CTRL_100nM.ISO_Spont","MM","SAN","CTRL","100nM.ISO","Spont","SD1",0.368874037518888
"C6 2019_05_27_0005 Iso 100nM","MM_SAN_CTRL_100nM.ISO_Spont","MM","SAN","CTRL","100nM.ISO","Spont","SD1",1.6145604837092
"C1 2019_04_23_0000 Tyr","MM_SAN_CTRL_Tyr_Spont","MM","SAN","CTRL","Tyr","Spont","SD1",1.32818223732861
"C1 2019_04_30_0000 Tyr","MM_SAN_CTRL_Tyr_Spont","MM","SAN","CTRL","Tyr","Spont","SD1",1.38710780242762
"C1 2019_05_15_0000 Tyr","MM_SAN_CTRL_Tyr_Spont","MM","SAN","CTRL","Tyr","Spont","SD1",0.778995970607334
"C1 2019_06_06_0000 Tyr","MM_SAN_CTRL_Tyr_Spont","MM","SAN","CTRL","Tyr","Spont","SD1",1.21150961843299
"C1 2019_06_14_0000 Tyr","MM_SAN_CTRL_Tyr_Spont","MM","SAN","CTRL","Tyr","Spont","SD1",0.0671751442127091
"C1 2019_07_03_0000 Tyr","MM_SAN_CTRL_Tyr_Spont","MM","SAN","CTRL","Tyr","Spont","SD1",1.17851130197757
"C2 2019_05_16_0001 Tyr","MM_SAN_CTRL_Tyr_Spont","MM","SAN","CTRL","Tyr","Spont","SD1",1.16672618895772
"C2 2019_06_03_0001 Tyr","MM_SAN_CTRL_Tyr_Spont","MM","SAN","CTRL","Tyr","Spont","SD1",1.29636243217508
"C3 2019_05_31_0003 Tyrode","MM_SAN_CTRL_Tyr_Spont","MM","SAN","CTRL","Tyr","Spont","SD1",3.11951941633505
"C3 2019_06_03_0002 Tyr","MM_SAN_CTRL_Tyr_Spont","MM","SAN","CTRL","Tyr","Spont","SD1",1.38946482503157
"C3 2019_06_14_0002 Tyr","MM_SAN_CTRL_Tyr_Spont","MM","SAN","CTRL","Tyr","Spont","SD1",0.358267435801078
"C6 2019_05_27_0005 Tyr","MM_SAN_CTRL_Tyr_Spont","MM","SAN","CTRL","Tyr","Spont","SD1",1.84437018759486
"C1 2019_04_23_0000 Iso 100nM","MM_SAN_CTRL_100nM.ISO_Spont","MM","SAN","CTRL","100nM.ISO","Spont","SD2",0.0240944444444335
"C1 2019_04_30_0000 Iso 100nM","MM_SAN_CTRL_100nM.ISO_Spont","MM","SAN","CTRL","100nM.ISO","Spont","SD2",0.0272499999999991
"C1 2019_05_15_0000 Iso 100nM","MM_SAN_CTRL_100nM.ISO_Spont","MM","SAN","CTRL","100nM.ISO","Spont","SD2",0.00959814814814551
"C1 2019_06_06_0000 Iso 100nM","MM_SAN_CTRL_100nM.ISO_Spont","MM","SAN","CTRL","100nM.ISO","Spont","SD2",0.0224722222222267
"C1 2019_06_14_0000 Iso 100nM","MM_SAN_CTRL_100nM.ISO_Spont","MM","SAN","CTRL","100nM.ISO","Spont","SD2",0.0199722222222219
"C1 2019_07_03_0000 Iso 100nM","MM_SAN_CTRL_100nM.ISO_Spont","MM","SAN","CTRL","100nM.ISO","Spont","SD2",0.00845555555555538
"C2 2019_05_16_0001 Iso 100nM","MM_SAN_CTRL_100nM.ISO_Spont","MM","SAN","CTRL","100nM.ISO","Spont","SD2",0.0176648148148148
"C2 2019_06_03_0001 Iso 100nM","MM_SAN_CTRL_100nM.ISO_Spont","MM","SAN","CTRL","100nM.ISO","Spont","SD2",0.0112277777777819
"C3 2019_05_31_0003 Iso 100nM","MM_SAN_CTRL_100nM.ISO_Spont","MM","SAN","CTRL","100nM.ISO","Spont","SD2",0.0319259259259176
"C3 2019_06_03_0002 Iso 100nM","MM_SAN_CTRL_100nM.ISO_Spont","MM","SAN","CTRL","100nM.ISO","Spont","SD2",0.0226055555555679
"C3 2019_06_14_0002 Iso 100nM","MM_SAN_CTRL_100nM.ISO_Spont","MM","SAN","CTRL","100nM.ISO","Spont","SD2",0.00872777777777466
"C6 2019_05_27_0005 Iso 100nM","MM_SAN_CTRL_100nM.ISO_Spont","MM","SAN","CTRL","100nM.ISO","Spont","SD2",0.0404925925926027
"C1 2019_04_23_0000 Tyr","MM_SAN_CTRL_Tyr_Spont","MM","SAN","CTRL","Tyr","Spont","SD2",0.0450277777777764
"C1 2019_04_30_0000 Tyr","MM_SAN_CTRL_Tyr_Spont","MM","SAN","CTRL","Tyr","Spont","SD2",0.0273425925925932
"C1 2019_05_15_0000 Tyr","MM_SAN_CTRL_Tyr_Spont","MM","SAN","CTRL","Tyr","Spont","SD2",0.0330722222222422
"C1 2019_06_06_0000 Tyr","MM_SAN_CTRL_Tyr_Spont","MM","SAN","CTRL","Tyr","Spont","SD2",0.0385592592592582
"C1 2019_06_14_0000 Tyr","MM_SAN_CTRL_Tyr_Spont","MM","SAN","CTRL","Tyr","Spont","SD2",0.00297222222222091
"C1 2019_07_03_0000 Tyr","MM_SAN_CTRL_Tyr_Spont","MM","SAN","CTRL","Tyr","Spont","SD2",0.0211666666666653
"C2 2019_05_16_0001 Tyr","MM_SAN_CTRL_Tyr_Spont","MM","SAN","CTRL","Tyr","Spont","SD2",0.0289481481481478
"C2 2019_06_03_0001 Tyr","MM_SAN_CTRL_Tyr_Spont","MM","SAN","CTRL","Tyr","Spont","SD2",0.032925925925919
"C3 2019_05_31_0003 Tyrode","MM_SAN_CTRL_Tyr_Spont","MM","SAN","CTRL","Tyr","Spont","SD2",0.0506203703703762
"C3 2019_06_03_0002 Tyr","MM_SAN_CTRL_Tyr_Spont","MM","SAN","CTRL","Tyr","Spont","SD2",0.0356648148148127
"C3 2019_06_14_0002 Tyr","MM_SAN_CTRL_Tyr_Spont","MM","SAN","CTRL","Tyr","Spont","SD2",0.00653703703703862
"C6 2019_05_27_0005 Tyr","MM_SAN_CTRL_Tyr_Spont","MM","SAN","CTRL","Tyr","Spont","SD2",0.0349166666666657
"C1 2019_04_23_0000 Iso 100nM","MM_SAN_CTRL_100nM.ISO_Spont","MM","SAN","CTRL","100nM.ISO","Spont","SD1_SD2 Ratio",32.8200588085858
"C1 2019_04_30_0000 Iso 100nM","MM_SAN_CTRL_100nM.ISO_Spont","MM","SAN","CTRL","100nM.ISO","Spont","SD1_SD2 Ratio",44.5023166875169
"C1 2019_05_15_0000 Iso 100nM","MM_SAN_CTRL_100nM.ISO_Spont","MM","SAN","CTRL","100nM.ISO","Spont","SD1_SD2 Ratio",47.5179031231036
"C1 2019_06_06_0000 Iso 100nM","MM_SAN_CTRL_100nM.ISO_Spont","MM","SAN","CTRL","100nM.ISO","Spont","SD1_SD2 Ratio",34.9794973832903
"C1 2019_06_14_0000 Iso 100nM","MM_SAN_CTRL_100nM.ISO_Spont","MM","SAN","CTRL","100nM.ISO","Spont","SD1_SD2 Ratio",30.8609329535935
"C1 2019_07_03_0000 Iso 100nM","MM_SAN_CTRL_100nM.ISO_Spont","MM","SAN","CTRL","100nM.ISO","Spont","SD1_SD2 Ratio",48.5032509565492
"C2 2019_05_16_0001 Iso 100nM","MM_SAN_CTRL_100nM.ISO_Spont","MM","SAN","CTRL","100nM.ISO","Spont","SD1_SD2 Ratio",30.4888373101993
"C2 2019_06_03_0001 Iso 100nM","MM_SAN_CTRL_100nM.ISO_Spont","MM","SAN","CTRL","100nM.ISO","Spont","SD1_SD2 Ratio",38.9416055150839
"C3 2019_05_31_0003 Iso 100nM","MM_SAN_CTRL_100nM.ISO_Spont","MM","SAN","CTRL","100nM.ISO","Spont","SD1_SD2 Ratio",31.8198051533697
"C3 2019_06_03_0002 Iso 100nM","MM_SAN_CTRL_100nM.ISO_Spont","MM","SAN","CTRL","100nM.ISO","Spont","SD1_SD2 Ratio",35.5030512155941
"C3 2019_06_14_0002 Iso 100nM","MM_SAN_CTRL_100nM.ISO_Spont","MM","SAN","CTRL","100nM.ISO","Spont","SD1_SD2 Ratio",42.2643709442544
"C6 2019_05_27_0005 Iso 100nM","MM_SAN_CTRL_100nM.ISO_Spont","MM","SAN","CTRL","100nM.ISO","Spont","SD1_SD2 Ratio",39.8729836825551
"C1 2019_04_23_0000 Tyr","MM_SAN_CTRL_Tyr_Spont","MM","SAN","CTRL","Tyr","Spont","SD1_SD2 Ratio",29.4969528339491
"C1 2019_04_30_0000 Tyr","MM_SAN_CTRL_Tyr_Spont","MM","SAN","CTRL","Tyr","Spont","SD1_SD2 Ratio",50.7306612469283
"C1 2019_05_15_0000 Tyr","MM_SAN_CTRL_Tyr_Spont","MM","SAN","CTRL","Tyr","Spont","SD1_SD2 Ratio",23.5543884947481
"C1 2019_06_06_0000 Tyr","MM_SAN_CTRL_Tyr_Spont","MM","SAN","CTRL","Tyr","Spont","SD1_SD2 Ratio",31.4194214750663
"C1 2019_06_14_0000 Tyr","MM_SAN_CTRL_Tyr_Spont","MM","SAN","CTRL","Tyr","Spont","SD1_SD2 Ratio",22.6009830996131
"C1 2019_07_03_0000 Tyr","MM_SAN_CTRL_Tyr_Spont","MM","SAN","CTRL","Tyr","Spont","SD1_SD2 Ratio",55.6776993060306
"C2 2019_05_16_0001 Tyr","MM_SAN_CTRL_Tyr_Spont","MM","SAN","CTRL","Tyr","Spont","SD1_SD2 Ratio",40.304000897977
"C2 2019_06_03_0001 Tyr","MM_SAN_CTRL_Tyr_Spont","MM","SAN","CTRL","Tyr","Spont","SD1_SD2 Ratio",39.3720873664055
"C3 2019_05_31_0003 Tyrode","MM_SAN_CTRL_Tyr_Spont","MM","SAN","CTRL","Tyr","Spont","SD1_SD2 Ratio",61.6257722634254
"C3 2019_06_03_0002 Tyr","MM_SAN_CTRL_Tyr_Spont","MM","SAN","CTRL","Tyr","Spont","SD1_SD2 Ratio",38.9589805035095
"C3 2019_06_14_0002 Tyr","MM_SAN_CTRL_Tyr_Spont","MM","SAN","CTRL","Tyr","Spont","SD1_SD2 Ratio",54.8057833803216
"C6 2019_05_27_0005 Tyr","MM_SAN_CTRL_Tyr_Spont","MM","SAN","CTRL","Tyr","Spont","SD1_SD2 Ratio",52.8220578786132
"C1 2019_04_23_0000 Iso 100nM","MM_SAN_CTRL_100nM.ISO_Spont","MM","SAN","CTRL","100nM.ISO","Spont","APD 20 (ms)",18.5100000000006
"C1 2019_04_30_0000 Iso 100nM","MM_SAN_CTRL_100nM.ISO_Spont","MM","SAN","CTRL","100nM.ISO","Spont","APD 20 (ms)",13.9600000000006
"C1 2019_05_15_0000 Iso 100nM","MM_SAN_CTRL_100nM.ISO_Spont","MM","SAN","CTRL","100nM.ISO","Spont","APD 20 (ms)",20.1700000000004
"C1 2019_06_06_0000 Iso 100nM","MM_SAN_CTRL_100nM.ISO_Spont","MM","SAN","CTRL","100nM.ISO","Spont","APD 20 (ms)",21.1799999999999
"C1 2019_06_14_0000 Iso 100nM","MM_SAN_CTRL_100nM.ISO_Spont","MM","SAN","CTRL","100nM.ISO","Spont","APD 20 (ms)",16.6300000000001
"C1 2019_07_03_0000 Iso 100nM","MM_SAN_CTRL_100nM.ISO_Spont","MM","SAN","CTRL","100nM.ISO","Spont","APD 20 (ms)",13.8400000000003
"C2 2019_05_16_0001 Iso 100nM","MM_SAN_CTRL_100nM.ISO_Spont","MM","SAN","CTRL","100nM.ISO","Spont","APD 20 (ms)",13.27
"C2 2019_06_03_0001 Iso 100nM","MM_SAN_CTRL_100nM.ISO_Spont","MM","SAN","CTRL","100nM.ISO","Spont","APD 20 (ms)",11.1699999999997
"C3 2019_05_31_0003 Iso 100nM","MM_SAN_CTRL_100nM.ISO_Spont","MM","SAN","CTRL","100nM.ISO","Spont","APD 20 (ms)",17.7900000000023
"C3 2019_06_03_0002 Iso 100nM","MM_SAN_CTRL_100nM.ISO_Spont","MM","SAN","CTRL","100nM.ISO","Spont","APD 20 (ms)",15.1199999999997
"C3 2019_06_14_0002 Iso 100nM","MM_SAN_CTRL_100nM.ISO_Spont","MM","SAN","CTRL","100nM.ISO","Spont","APD 20 (ms)",13.3300000000003
"C6 2019_05_27_0005 Iso 100nM","MM_SAN_CTRL_100nM.ISO_Spont","MM","SAN","CTRL","100nM.ISO","Spont","APD 20 (ms)",25.3700000000004
"C1 2019_04_23_0000 Tyr","MM_SAN_CTRL_Tyr_Spont","MM","SAN","CTRL","Tyr","Spont","APD 20 (ms)",17.480000000001
"C1 2019_04_30_0000 Tyr","MM_SAN_CTRL_Tyr_Spont","MM","SAN","CTRL","Tyr","Spont","APD 20 (ms)",14.2200000000004
"C1 2019_05_15_0000 Tyr","MM_SAN_CTRL_Tyr_Spont","MM","SAN","CTRL","Tyr","Spont","APD 20 (ms)",18.3600000000006
"C1 2019_06_06_0000 Tyr","MM_SAN_CTRL_Tyr_Spont","MM","SAN","CTRL","Tyr","Spont","APD 20 (ms)",17.7300000000001
"C1 2019_06_14_0000 Tyr","MM_SAN_CTRL_Tyr_Spont","MM","SAN","CTRL","Tyr","Spont","APD 20 (ms)",12.9899999999996
"C1 2019_07_03_0000 Tyr","MM_SAN_CTRL_Tyr_Spont","MM","SAN","CTRL","Tyr","Spont","APD 20 (ms)",11.6400000000003
"C2 2019_05_16_0001 Tyr","MM_SAN_CTRL_Tyr_Spont","MM","SAN","CTRL","Tyr","Spont","APD 20 (ms)",12.5299999999997
"C2 2019_06_03_0001 Tyr","MM_SAN_CTRL_Tyr_Spont","MM","SAN","CTRL","Tyr","Spont","APD 20 (ms)",8.37999999999938
"C3 2019_05_31_0003 Tyrode","MM_SAN_CTRL_Tyr_Spont","MM","SAN","CTRL","Tyr","Spont","APD 20 (ms)",12.2800000000003
"C3 2019_06_03_0002 Tyr","MM_SAN_CTRL_Tyr_Spont","MM","SAN","CTRL","Tyr","Spont","APD 20 (ms)",11.69
"C3 2019_06_14_0002 Tyr","MM_SAN_CTRL_Tyr_Spont","MM","SAN","CTRL","Tyr","Spont","APD 20 (ms)",8.96999999999989
"C6 2019_05_27_0005 Tyr","MM_SAN_CTRL_Tyr_Spont","MM","SAN","CTRL","Tyr","Spont","APD 20 (ms)",23.4499999999996
"C1 2019_04_23_0000 Iso 100nM","MM_SAN_CTRL_100nM.ISO_Spont","MM","SAN","CTRL","100nM.ISO","Spont","APD 50 (ms)",32.3800000000017
"C1 2019_04_30_0000 Iso 100nM","MM_SAN_CTRL_100nM.ISO_Spont","MM","SAN","CTRL","100nM.ISO","Spont","APD 50 (ms)",34.5
"C1 2019_05_15_0000 Iso 100nM","MM_SAN_CTRL_100nM.ISO_Spont","MM","SAN","CTRL","100nM.ISO","Spont","APD 50 (ms)",39.4600000000002
"C1 2019_06_06_0000 Iso 100nM","MM_SAN_CTRL_100nM.ISO_Spont","MM","SAN","CTRL","100nM.ISO","Spont","APD 50 (ms)",46.8699999999999
"C1 2019_06_14_0000 Iso 100nM","MM_SAN_CTRL_100nM.ISO_Spont","MM","SAN","CTRL","100nM.ISO","Spont","APD 50 (ms)",35.16
"C1 2019_07_03_0000 Iso 100nM","MM_SAN_CTRL_100nM.ISO_Spont","MM","SAN","CTRL","100nM.ISO","Spont","APD 50 (ms)",26.7
"C2 2019_05_16_0001 Iso 100nM","MM_SAN_CTRL_100nM.ISO_Spont","MM","SAN","CTRL","100nM.ISO","Spont","APD 50 (ms)",29.2800000000001
"C2 2019_06_03_0001 Iso 100nM","MM_SAN_CTRL_100nM.ISO_Spont","MM","SAN","CTRL","100nM.ISO","Spont","APD 50 (ms)",29.680000000001
"C3 2019_05_31_0003 Iso 100nM","MM_SAN_CTRL_100nM.ISO_Spont","MM","SAN","CTRL","100nM.ISO","Spont","APD 50 (ms)",33.6600000000006
"C3 2019_06_03_0002 Iso 100nM","MM_SAN_CTRL_100nM.ISO_Spont","MM","SAN","CTRL","100nM.ISO","Spont","APD 50 (ms)",28.95
"C3 2019_06_14_0002 Iso 100nM","MM_SAN_CTRL_100nM.ISO_Spont","MM","SAN","CTRL","100nM.ISO","Spont","APD 50 (ms)",26.8200000000001
"C6 2019_05_27_0005 Iso 100nM","MM_SAN_CTRL_100nM.ISO_Spont","MM","SAN","CTRL","100nM.ISO","Spont","APD 50 (ms)",44.4300000000003
"C1 2019_04_23_0000 Tyr","MM_SAN_CTRL_Tyr_Spont","MM","SAN","CTRL","Tyr","Spont","APD 50 (ms)",34.4900000000001
"C1 2019_04_30_0000 Tyr","MM_SAN_CTRL_Tyr_Spont","MM","SAN","CTRL","Tyr","Spont","APD 50 (ms)",31.9300000000005
"C1 2019_05_15_0000 Tyr","MM_SAN_CTRL_Tyr_Spont","MM","SAN","CTRL","Tyr","Spont","APD 50 (ms)",39.2600000000006
"C1 2019_06_06_0000 Tyr","MM_SAN_CTRL_Tyr_Spont","MM","SAN","CTRL","Tyr","Spont","APD 50 (ms)",44.31
"C1 2019_06_14_0000 Tyr","MM_SAN_CTRL_Tyr_Spont","MM","SAN","CTRL","Tyr","Spont","APD 50 (ms)",28.9299999999996
"C1 2019_07_03_0000 Tyr","MM_SAN_CTRL_Tyr_Spont","MM","SAN","CTRL","Tyr","Spont","APD 50 (ms)",22.94
"C2 2019_05_16_0001 Tyr","MM_SAN_CTRL_Tyr_Spont","MM","SAN","CTRL","Tyr","Spont","APD 50 (ms)",26.8199999999997
"C2 2019_06_03_0001 Tyr","MM_SAN_CTRL_Tyr_Spont","MM","SAN","CTRL","Tyr","Spont","APD 50 (ms)",20.3399999999996
"C3 2019_05_31_0003 Tyrode","MM_SAN_CTRL_Tyr_Spont","MM","SAN","CTRL","Tyr","Spont","APD 50 (ms)",25.6199999999997
"C3 2019_06_03_0002 Tyr","MM_SAN_CTRL_Tyr_Spont","MM","SAN","CTRL","Tyr","Spont","APD 50 (ms)",24.5500000000001
"C3 2019_06_14_0002 Tyr","MM_SAN_CTRL_Tyr_Spont","MM","SAN","CTRL","Tyr","Spont","APD 50 (ms)",23.99
"C6 2019_05_27_0005 Tyr","MM_SAN_CTRL_Tyr_Spont","MM","SAN","CTRL","Tyr","Spont","APD 50 (ms)",42.8299999999999
"C1 2019_04_23_0000 Iso 100nM","MM_SAN_CTRL_100nM.ISO_Spont","MM","SAN","CTRL","100nM.ISO","Spont","APD 90 (ms)",50.6800000000017
"C1 2019_04_30_0000 Iso 100nM","MM_SAN_CTRL_100nM.ISO_Spont","MM","SAN","CTRL","100nM.ISO","Spont","APD 90 (ms)",64
"C1 2019_05_15_0000 Iso 100nM","MM_SAN_CTRL_100nM.ISO_Spont","MM","SAN","CTRL","100nM.ISO","Spont","APD 90 (ms)",54.6400000000001
"C1 2019_06_06_0000 Iso 100nM","MM_SAN_CTRL_100nM.ISO_Spont","MM","SAN","CTRL","100nM.ISO","Spont","APD 90 (ms)",69.8099999999999
"C1 2019_06_14_0000 Iso 100nM","MM_SAN_CTRL_100nM.ISO_Spont","MM","SAN","CTRL","100nM.ISO","Spont","APD 90 (ms)",51.6700000000001
"C1 2019_07_03_0000 Iso 100nM","MM_SAN_CTRL_100nM.ISO_Spont","MM","SAN","CTRL","100nM.ISO","Spont","APD 90 (ms)",41.8800000000001
"C2 2019_05_16_0001 Iso 100nM","MM_SAN_CTRL_100nM.ISO_Spont","MM","SAN","CTRL","100nM.ISO","Spont","APD 90 (ms)",48.74
"C2 2019_06_03_0001 Iso 100nM","MM_SAN_CTRL_100nM.ISO_Spont","MM","SAN","CTRL","100nM.ISO","Spont","APD 90 (ms)",54.5900000000009
"C3 2019_05_31_0003 Iso 100nM","MM_SAN_CTRL_100nM.ISO_Spont","MM","SAN","CTRL","100nM.ISO","Spont","APD 90 (ms)",60.3900000000009
"C3 2019_06_03_0002 Iso 100nM","MM_SAN_CTRL_100nM.ISO_Spont","MM","SAN","CTRL","100nM.ISO","Spont","APD 90 (ms)",51.9299999999996
"C3 2019_06_14_0002 Iso 100nM","MM_SAN_CTRL_100nM.ISO_Spont","MM","SAN","CTRL","100nM.ISO","Spont","APD 90 (ms)",39.1
"C6 2019_05_27_0005 Iso 100nM","MM_SAN_CTRL_100nM.ISO_Spont","MM","SAN","CTRL","100nM.ISO","Spont","APD 90 (ms)",69.180000000001
"C1 2019_04_23_0000 Tyr","MM_SAN_CTRL_Tyr_Spont","MM","SAN","CTRL","Tyr","Spont","APD 90 (ms)",63.5400000000001
"C1 2019_04_30_0000 Tyr","MM_SAN_CTRL_Tyr_Spont","MM","SAN","CTRL","Tyr","Spont","APD 90 (ms)",68.8000000000004
"C1 2019_05_15_0000 Tyr","MM_SAN_CTRL_Tyr_Spont","MM","SAN","CTRL","Tyr","Spont","APD 90 (ms)",60.9600000000006
"C1 2019_06_06_0000 Tyr","MM_SAN_CTRL_Tyr_Spont","MM","SAN","CTRL","Tyr","Spont","APD 90 (ms)",78.26
"C1 2019_06_14_0000 Tyr","MM_SAN_CTRL_Tyr_Spont","MM","SAN","CTRL","Tyr","Spont","APD 90 (ms)",49.3699999999999
"C1 2019_07_03_0000 Tyr","MM_SAN_CTRL_Tyr_Spont","MM","SAN","CTRL","Tyr","Spont","APD 90 (ms)",44.4400000000001
"C2 2019_05_16_0001 Tyr","MM_SAN_CTRL_Tyr_Spont","MM","SAN","CTRL","Tyr","Spont","APD 90 (ms)",54.4499999999998
"C2 2019_06_03_0001 Tyr","MM_SAN_CTRL_Tyr_Spont","MM","SAN","CTRL","Tyr","Spont","APD 90 (ms)",53.1399999999996
"C3 2019_05_31_0003 Tyrode","MM_SAN_CTRL_Tyr_Spont","MM","SAN","CTRL","Tyr","Spont","APD 90 (ms)",62.6599999999999
"C3 2019_06_03_0002 Tyr","MM_SAN_CTRL_Tyr_Spont","MM","SAN","CTRL","Tyr","Spont","APD 90 (ms)",50.8200000000001
"C3 2019_06_14_0002 Tyr","MM_SAN_CTRL_Tyr_Spont","MM","SAN","CTRL","Tyr","Spont","APD 90 (ms)",40
"C6 2019_05_27_0005 Tyr","MM_SAN_CTRL_Tyr_Spont","MM","SAN","CTRL","Tyr","Spont","APD 90 (ms)",72.9099999999995
