"File Name","Folder","Condition 1","Condition 2","Condition 3","Condition 4","variable","value"
"17421003","GP_CTRL_Tyr_0.5Hz","GP","CTRL","Tyr","0.5Hz","Ediast (mV)",-75.0919816589053
"17421040","GP_CTRL_Tyr_0.5Hz","GP","CTRL","Tyr","0.5Hz","Ediast (mV)",-79.2172258917367
"17502010","GP_CTRL_Tyr_0.5Hz","GP","CTRL","Tyr","0.5Hz","Ediast (mV)",-68.2194229115417
"17n30003","GP_CTRL_Tyr_0.5Hz","GP","CTRL","Tyr","0.5Hz","Ediast (mV)",49.841306226415
"17n30007","GP_CTRL_Tyr_0.5Hz","GP","CTRL","Tyr","0.5Hz","Ediast (mV)",-73.0529750457949
"17n30012","GP_CTRL_Tyr_0.5Hz","GP","CTRL","Tyr","0.5Hz","Ediast (mV)",-75.7446253085733
"18215005","GP_CTRL_Tyr_0.5Hz","GP","CTRL","Tyr","0.5Hz","Ediast (mV)",-81.8623065172651
"18215021","GP_CTRL_Tyr_0.5Hz","GP","CTRL","Tyr","0.5Hz","Ediast (mV)",-84.6541766968558
"18215028","GP_CTRL_Tyr_0.5Hz","GP","CTRL","Tyr","0.5Hz","Ediast (mV)",-90.5805073957259
"18215032","GP_CTRL_Tyr_0.5Hz","GP","CTRL","Tyr","0.5Hz","Ediast (mV)",-85.8427143210779
"18215048","GP_CTRL_Tyr_0.5Hz","GP","CTRL","Tyr","0.5Hz","Ediast (mV)",-81.5529803384761
"18215062","GP_CTRL_Tyr_0.5Hz","GP","CTRL","Tyr","0.5Hz","Ediast (mV)",-75.2740495340686
"18215067","GP_CTRL_Tyr_0.5Hz","GP","CTRL","Tyr","0.5Hz","Ediast (mV)",-97.3027365498857
"18d03011","GP_CTRL_Tyr_0.5Hz","GP","CTRL","Tyr","0.5Hz","Ediast (mV)",-78.4894426723445
"18d03015","GP_CTRL_Tyr_0.5Hz","GP","CTRL","Tyr","0.5Hz","Ediast (mV)",-84.2497577425038
"18d03019","GP_CTRL_Tyr_0.5Hz","GP","CTRL","Tyr","0.5Hz","Ediast (mV)",-83.9049091019833
"18d12020","GP_CTRL_Tyr_0.5Hz","GP","CTRL","Tyr","0.5Hz","Ediast (mV)",-80.2661150753375
"18d12024","GP_CTRL_Tyr_0.5Hz","GP","CTRL","Tyr","0.5Hz","Ediast (mV)",-84.797182071146
"18d12052","GP_CTRL_Tyr_0.5Hz","GP","CTRL","Tyr","0.5Hz","Ediast (mV)",-78.9212664124653
"19307004","GP_CTRL_Tyr_0.5Hz","GP","CTRL","Tyr","0.5Hz","Ediast (mV)",-73.367916437086
"19307005","GP_CTRL_Tyr_0.5Hz","GP","CTRL","Tyr","0.5Hz","Ediast (mV)",-80.256227379804
"19307009","GP_CTRL_Tyr_0.5Hz","GP","CTRL","Tyr","0.5Hz","Ediast (mV)",-83.1502093780832
"19314011","GP_CTRL_Tyr_0.5Hz","GP","CTRL","Tyr","0.5Hz","Ediast (mV)",-68.820187160904
"17421004","GP_CTRL_Tyr_1Hz","GP","CTRL","Tyr","1Hz","Ediast (mV)",-70.5044571423037
"17421041","GP_CTRL_Tyr_1Hz","GP","CTRL","Tyr","1Hz","Ediast (mV)",-77.9468401211539
"17502011","GP_CTRL_Tyr_1Hz","GP","CTRL","Tyr","1Hz","Ediast (mV)",-67.0966201520701
"17n30004","GP_CTRL_Tyr_1Hz","GP","CTRL","Tyr","1Hz","Ediast (mV)",-76.3183557500726
"17n30008","GP_CTRL_Tyr_1Hz","GP","CTRL","Tyr","1Hz","Ediast (mV)",-72.9553188004333
"17n30013","GP_CTRL_Tyr_1Hz","GP","CTRL","Tyr","1Hz","Ediast (mV)",-74.8168909776384
"18215006","GP_CTRL_Tyr_1Hz","GP","CTRL","Tyr","1Hz","Ediast (mV)",-82.2660540848833
"18215022","GP_CTRL_Tyr_1Hz","GP","CTRL","Tyr","1Hz","Ediast (mV)",-85.2722797380152
"18215029","GP_CTRL_Tyr_1Hz","GP","CTRL","Tyr","1Hz","Ediast (mV)",-90.4382344433271
"18215033","GP_CTRL_Tyr_1Hz","GP","CTRL","Tyr","1Hz","Ediast (mV)",-87.6057758839229
"18215049","GP_CTRL_Tyr_1Hz","GP","CTRL","Tyr","1Hz","Ediast (mV)",-81.4598406879568
"18215063","GP_CTRL_Tyr_1Hz","GP","CTRL","Tyr","1Hz","Ediast (mV)",-77.6497820090454
"18215068","GP_CTRL_Tyr_1Hz","GP","CTRL","Tyr","1Hz","Ediast (mV)",-99.3450949939734
"18d03012","GP_CTRL_Tyr_1Hz","GP","CTRL","Tyr","1Hz","Ediast (mV)",-77.6748064236672
"18d03016","GP_CTRL_Tyr_1Hz","GP","CTRL","Tyr","1Hz","Ediast (mV)",-84.525026303344
"18d03020","GP_CTRL_Tyr_1Hz","GP","CTRL","Tyr","1Hz","Ediast (mV)",-83.1138324241452
"18d12021","GP_CTRL_Tyr_1Hz","GP","CTRL","Tyr","1Hz","Ediast (mV)",-80.1970843120758
"18d12025","GP_CTRL_Tyr_1Hz","GP","CTRL","Tyr","1Hz","Ediast (mV)",-82.2196063299389
"18d12053","GP_CTRL_Tyr_1Hz","GP","CTRL","Tyr","1Hz","Ediast (mV)",-79.6337908424539
"19307005","GP_CTRL_Tyr_1Hz","GP","CTRL","Tyr","1Hz","Ediast (mV)",-63.0444305993002
"19307006","GP_CTRL_Tyr_1Hz","GP","CTRL","Tyr","1Hz","Ediast (mV)",-83.0958880878066
"19307010","GP_CTRL_Tyr_1Hz","GP","CTRL","Tyr","1Hz","Ediast (mV)",-74.2270524403539
"19314012","GP_CTRL_Tyr_1Hz","GP","CTRL","Tyr","1Hz","Ediast (mV)",-68.8696256351183
"17421005","GP_CTRL_Tyr_2Hz","GP","CTRL","Tyr","2Hz","Ediast (mV)",-75.5975969045817
"17421042","GP_CTRL_Tyr_2Hz","GP","CTRL","Tyr","2Hz","Ediast (mV)",-76.546083253907
"17502012","GP_CTRL_Tyr_2Hz","GP","CTRL","Tyr","2Hz","Ediast (mV)",-65.893678230651
"17n30005","GP_CTRL_Tyr_2Hz","GP","CTRL","Tyr","2Hz","Ediast (mV)",-75.7263147625681
"17n30009","GP_CTRL_Tyr_2Hz","GP","CTRL","Tyr","2Hz","Ediast (mV)",-88.5620075122804
"17n30014","GP_CTRL_Tyr_2Hz","GP","CTRL","Tyr","2Hz","Ediast (mV)",-73.8342250086875
"18215007","GP_CTRL_Tyr_2Hz","GP","CTRL","Tyr","2Hz","Ediast (mV)",-81.4332903943946
"18215023","GP_CTRL_Tyr_2Hz","GP","CTRL","Tyr","2Hz","Ediast (mV)",-85.2317523933594
"18215030","GP_CTRL_Tyr_2Hz","GP","CTRL","Tyr","2Hz","Ediast (mV)",-90.8604756637024
"18215034","GP_CTRL_Tyr_2Hz","GP","CTRL","Tyr","2Hz","Ediast (mV)",-86.9115009660609
"18215050","GP_CTRL_Tyr_2Hz","GP","CTRL","Tyr","2Hz","Ediast (mV)",-81.7440814169663
"18215065","GP_CTRL_Tyr_2Hz","GP","CTRL","Tyr","2Hz","Ediast (mV)",-78.6024797842461
"18215069","GP_CTRL_Tyr_2Hz","GP","CTRL","Tyr","2Hz","Ediast (mV)",-99.5639060340205
"18d03013","GP_CTRL_Tyr_2Hz","GP","CTRL","Tyr","2Hz","Ediast (mV)",-75.9542863656793
"18d03017","GP_CTRL_Tyr_2Hz","GP","CTRL","Tyr","2Hz","Ediast (mV)",-83.3989886805189
"18d03021","GP_CTRL_Tyr_2Hz","GP","CTRL","Tyr","2Hz","Ediast (mV)",-82.6117572176104
"18d12022","GP_CTRL_Tyr_2Hz","GP","CTRL","Tyr","2Hz","Ediast (mV)",-79.5961931853635
"18d12026","GP_CTRL_Tyr_2Hz","GP","CTRL","Tyr","2Hz","Ediast (mV)",-83.4982318467997
"18d12054","GP_CTRL_Tyr_2Hz","GP","CTRL","Tyr","2Hz","Ediast (mV)",-79.6067522676308
"19307007_2","GP_CTRL_Tyr_2Hz","GP","CTRL","Tyr","2Hz","Ediast (mV)",-74.671627312663
"19307007","GP_CTRL_Tyr_2Hz","GP","CTRL","Tyr","2Hz","Ediast (mV)",-82.7709369086683
"19307011","GP_CTRL_Tyr_2Hz","GP","CTRL","Tyr","2Hz","Ediast (mV)",-76.1333635181195
"19314013","GP_CTRL_Tyr_2Hz","GP","CTRL","Tyr","2Hz","Ediast (mV)",-67.5988737423508
"17421007","GP_CTRL_Tyr_4Hz","GP","CTRL","Tyr","4Hz","Ediast (mV)",-75.0825212094751
"17421043","GP_CTRL_Tyr_4Hz","GP","CTRL","Tyr","4Hz","Ediast (mV)",-75.3337419182153
"17502013","GP_CTRL_Tyr_4Hz","GP","CTRL","Tyr","4Hz","Ediast (mV)",-64.9420180531297
"17n30006","GP_CTRL_Tyr_4Hz","GP","CTRL","Tyr","4Hz","Ediast (mV)",-71.2829555986163
"17n30010","GP_CTRL_Tyr_4Hz","GP","CTRL","Tyr","4Hz","Ediast (mV)",-67.8100553729452
"17n30015","GP_CTRL_Tyr_4Hz","GP","CTRL","Tyr","4Hz","Ediast (mV)",-74.7619593396225
"18215008","GP_CTRL_Tyr_4Hz","GP","CTRL","Tyr","4Hz","Ediast (mV)",-80.6707781703199
"18215024","GP_CTRL_Tyr_4Hz","GP","CTRL","Tyr","4Hz","Ediast (mV)",-81.9762591565309
"18215031","GP_CTRL_Tyr_4Hz","GP","CTRL","Tyr","4Hz","Ediast (mV)",-90.0280781841594
"18215035","GP_CTRL_Tyr_4Hz","GP","CTRL","Tyr","4Hz","Ediast (mV)",-85.9184589516772
"18215051","GP_CTRL_Tyr_4Hz","GP","CTRL","Tyr","4Hz","Ediast (mV)",-81.7886370820247
"18215066","GP_CTRL_Tyr_4Hz","GP","CTRL","Tyr","4Hz","Ediast (mV)",-78.54046806411
"18215070","GP_CTRL_Tyr_4Hz","GP","CTRL","Tyr","4Hz","Ediast (mV)",-100.000002235174
"18d03014","GP_CTRL_Tyr_4Hz","GP","CTRL","Tyr","4Hz","Ediast (mV)",-89.9399434165644
"18d03018","GP_CTRL_Tyr_4Hz","GP","CTRL","Tyr","4Hz","Ediast (mV)",-82.6616839765389
"18d03022","GP_CTRL_Tyr_4Hz","GP","CTRL","Tyr","4Hz","Ediast (mV)",-82.6860980395846
"18d12023","GP_CTRL_Tyr_4Hz","GP","CTRL","Tyr","4Hz","Ediast (mV)",-78.6378191405047
"18d12027","GP_CTRL_Tyr_4Hz","GP","CTRL","Tyr","4Hz","Ediast (mV)",-82.0867327918127
"18d12055","GP_CTRL_Tyr_4Hz","GP","CTRL","Tyr","4Hz","Ediast (mV)",-79.3621233559129
"19307008 2","GP_CTRL_Tyr_4Hz","GP","CTRL","Tyr","4Hz","Ediast (mV)",-67.704464557648
"19307008","GP_CTRL_Tyr_4Hz","GP","CTRL","Tyr","4Hz","Ediast (mV)",-82.8590716762633
"19307012","GP_CTRL_Tyr_4Hz","GP","CTRL","Tyr","4Hz","Ediast (mV)",-75.0620744316743
"19314014","GP_CTRL_Tyr_4Hz","GP","CTRL","Tyr","4Hz","Ediast (mV)",-65.9979216699544
"17421003","GP_CTRL_Tyr_0.5Hz","GP","CTRL","Tyr","0.5Hz","Peak (mV)",62.8973402730526
"17421040","GP_CTRL_Tyr_0.5Hz","GP","CTRL","Tyr","0.5Hz","Peak (mV)",56.8035901368467
"17502010","GP_CTRL_Tyr_0.5Hz","GP","CTRL","Tyr","0.5Hz","Peak (mV)",67.6135269019051
"17n30003","GP_CTRL_Tyr_0.5Hz","GP","CTRL","Tyr","0.5Hz","Peak (mV)",51.1474585081261
"17n30007","GP_CTRL_Tyr_0.5Hz","GP","CTRL","Tyr","0.5Hz","Peak (mV)",59.5703096705621
"17n30012","GP_CTRL_Tyr_0.5Hz","GP","CTRL","Tyr","0.5Hz","Peak (mV)",57.8002902233835
"18215005","GP_CTRL_Tyr_0.5Hz","GP","CTRL","Tyr","0.5Hz","Peak (mV)",55.9423840629097
"18215021","GP_CTRL_Tyr_0.5Hz","GP","CTRL","Tyr","0.5Hz","Peak (mV)",50.2880870615263
"18215028","GP_CTRL_Tyr_0.5Hz","GP","CTRL","Tyr","0.5Hz","Peak (mV)",46.2921152925219
"18215032","GP_CTRL_Tyr_0.5Hz","GP","CTRL","Tyr","0.5Hz","Peak (mV)",53.1317150547739
"18215048","GP_CTRL_Tyr_0.5Hz","GP","CTRL","Tyr","0.5Hz","Peak (mV)",54.9926770104321
"18215062","GP_CTRL_Tyr_0.5Hz","GP","CTRL","Tyr","0.5Hz","Peak (mV)",58.1939710272991
"18215067","GP_CTRL_Tyr_0.5Hz","GP","CTRL","Tyr","0.5Hz","Peak (mV)",41.4385995590374
"18d03011","GP_CTRL_Tyr_0.5Hz","GP","CTRL","Tyr","0.5Hz","Peak (mV)",58.5974134191293
"18d03015","GP_CTRL_Tyr_0.5Hz","GP","CTRL","Tyr","0.5Hz","Peak (mV)",54.5733654776223
"18d03019","GP_CTRL_Tyr_0.5Hz","GP","CTRL","Tyr","0.5Hz","Peak (mV)",55.3344738930719
"18d12020","GP_CTRL_Tyr_0.5Hz","GP","CTRL","Tyr","0.5Hz","Peak (mV)",54.6698010266528
"18d12024","GP_CTRL_Tyr_0.5Hz","GP","CTRL","Tyr","0.5Hz","Peak (mV)",51.2280284887857
"18d12052","GP_CTRL_Tyr_0.5Hz","GP","CTRL","Tyr","0.5Hz","Peak (mV)",54.5599377429471
"19307004","GP_CTRL_Tyr_0.5Hz","GP","CTRL","Tyr","0.5Hz","Peak (mV)",54.5654270957813
"19307005","GP_CTRL_Tyr_0.5Hz","GP","CTRL","Tyr","0.5Hz","Peak (mV)",54.1986096098708
"19307009","GP_CTRL_Tyr_0.5Hz","GP","CTRL","Tyr","0.5Hz","Peak (mV)",53.6157238546548
"19314011","GP_CTRL_Tyr_0.5Hz","GP","CTRL","Tyr","0.5Hz","Peak (mV)",58.3007784808616
"17421004","GP_CTRL_Tyr_1Hz","GP","CTRL","Tyr","1Hz","Peak (mV)",61.9512953300319
"17421041","GP_CTRL_Tyr_1Hz","GP","CTRL","Tyr","1Hz","Peak (mV)",54.8260510301452
"17502011","GP_CTRL_Tyr_1Hz","GP","CTRL","Tyr","1Hz","Peak (mV)",67.081910679085
"17n30004","GP_CTRL_Tyr_1Hz","GP","CTRL","Tyr","1Hz","Peak (mV)",60.05859089737
"17n30008","GP_CTRL_Tyr_1Hz","GP","CTRL","Tyr","1Hz","Peak (mV)",57.1899386898737
"17n30013","GP_CTRL_Tyr_1Hz","GP","CTRL","Tyr","1Hz","Peak (mV)",57.3730441499266
"18215006","GP_CTRL_Tyr_1Hz","GP","CTRL","Tyr","1Hz","Peak (mV)",54.2688000411272
"18215022","GP_CTRL_Tyr_1Hz","GP","CTRL","Tyr","1Hz","Peak (mV)",49.5477305996656
"18215029","GP_CTRL_Tyr_1Hz","GP","CTRL","Tyr","1Hz","Peak (mV)",44.9774179975111
"18215033","GP_CTRL_Tyr_1Hz","GP","CTRL","Tyr","1Hz","Peak (mV)",50.6585704682448
"18215049","GP_CTRL_Tyr_1Hz","GP","CTRL","Tyr","1Hz","Peak (mV)",54.1156017955155
"18215063","GP_CTRL_Tyr_1Hz","GP","CTRL","Tyr","1Hz","Peak (mV)",57.130738581659
"18215068","GP_CTRL_Tyr_1Hz","GP","CTRL","Tyr","1Hz","Peak (mV)",38.7786873902087
"18d03012","GP_CTRL_Tyr_1Hz","GP","CTRL","Tyr","1Hz","Peak (mV)",58.0676282510376
"18d03016","GP_CTRL_Tyr_1Hz","GP","CTRL","Tyr","1Hz","Peak (mV)",54.0374767937692
"18d03020","GP_CTRL_Tyr_1Hz","GP","CTRL","Tyr","1Hz","Peak (mV)",54.6307385257797
"18d12021","GP_CTRL_Tyr_1Hz","GP","CTRL","Tyr","1Hz","Peak (mV)",54.4934094211476
"18d12025","GP_CTRL_Tyr_1Hz","GP","CTRL","Tyr","1Hz","Peak (mV)",49.3377696574726
"18d12053","GP_CTRL_Tyr_1Hz","GP","CTRL","Tyr","1Hz","Peak (mV)",53.518067602472
"19307005","GP_CTRL_Tyr_1Hz","GP","CTRL","Tyr","1Hz","Peak (mV)",50.5798315819619
"19307006","GP_CTRL_Tyr_1Hz","GP","CTRL","Tyr","1Hz","Peak (mV)",53.0657970845505
"19307010","GP_CTRL_Tyr_1Hz","GP","CTRL","Tyr","1Hz","Peak (mV)",52.956544152421
"19314012","GP_CTRL_Tyr_1Hz","GP","CTRL","Tyr","1Hz","Peak (mV)",55.2185032366368
"17421005","GP_CTRL_Tyr_2Hz","GP","CTRL","Tyr","2Hz","Peak (mV)",60.9161390568943
"17421042","GP_CTRL_Tyr_2Hz","GP","CTRL","Tyr","2Hz","Peak (mV)",54.2596447674851
"17502012","GP_CTRL_Tyr_2Hz","GP","CTRL","Tyr","2Hz","Peak (mV)",66.2915053879806
"17n30005","GP_CTRL_Tyr_2Hz","GP","CTRL","Tyr","2Hz","Peak (mV)",59.3261690571582
"17n30009","GP_CTRL_Tyr_2Hz","GP","CTRL","Tyr","2Hz","Peak (mV)",-44.0673807194117
"17n30014","GP_CTRL_Tyr_2Hz","GP","CTRL","Tyr","2Hz","Peak (mV)",57.0678683831717
"18215007","GP_CTRL_Tyr_2Hz","GP","CTRL","Tyr","2Hz","Peak (mV)",52.8985607526875
"18215023","GP_CTRL_Tyr_2Hz","GP","CTRL","Tyr","2Hz","Peak (mV)",48.2531749066675
"18215030","GP_CTRL_Tyr_2Hz","GP","CTRL","Tyr","2Hz","Peak (mV)",42.9119882638452
"18215034","GP_CTRL_Tyr_2Hz","GP","CTRL","Tyr","2Hz","Peak (mV)",48.9440928908607
"18215050","GP_CTRL_Tyr_2Hz","GP","CTRL","Tyr","2Hz","Peak (mV)",52.2973644501872
"18215065","GP_CTRL_Tyr_2Hz","GP","CTRL","Tyr","2Hz","Peak (mV)",54.2346203528632
"18215069","GP_CTRL_Tyr_2Hz","GP","CTRL","Tyr","2Hz","Peak (mV)",36.4453133146162
"18d03013","GP_CTRL_Tyr_2Hz","GP","CTRL","Tyr","2Hz","Peak (mV)",56.0351575024834
"18d03017","GP_CTRL_Tyr_2Hz","GP","CTRL","Tyr","2Hz","Peak (mV)",51.911011902489
"18d03021","GP_CTRL_Tyr_2Hz","GP","CTRL","Tyr","2Hz","Peak (mV)",54.5483410630004
"18d12022","GP_CTRL_Tyr_2Hz","GP","CTRL","Tyr","2Hz","Peak (mV)",52.2857677702405
"18d12026","GP_CTRL_Tyr_2Hz","GP","CTRL","Tyr","2Hz","Peak (mV)",48.2263194373172
"18d12054","GP_CTRL_Tyr_2Hz","GP","CTRL","Tyr","2Hz","Peak (mV)",52.3974621086745
"19307007_2","GP_CTRL_Tyr_2Hz","GP","CTRL","Tyr","2Hz","Peak (mV)",51.3183569375088
"19307007","GP_CTRL_Tyr_2Hz","GP","CTRL","Tyr","2Hz","Peak (mV)",52.5329601585782
"19307011","GP_CTRL_Tyr_2Hz","GP","CTRL","Tyr","2Hz","Peak (mV)",52.6800548884285
"19314013","GP_CTRL_Tyr_2Hz","GP","CTRL","Tyr","2Hz","Peak (mV)",53.5888646421655
"17421007","GP_CTRL_Tyr_4Hz","GP","CTRL","Tyr","4Hz","Peak (mV)",59.6954359046095
"17421043","GP_CTRL_Tyr_4Hz","GP","CTRL","Tyr","4Hz","Peak (mV)",52.1447765561516
"17502013","GP_CTRL_Tyr_4Hz","GP","CTRL","Tyr","4Hz","Peak (mV)",64.3273940159543
"17n30006","GP_CTRL_Tyr_4Hz","GP","CTRL","Tyr","4Hz","Peak (mV)",54.0161107156224
"17n30010","GP_CTRL_Tyr_4Hz","GP","CTRL","Tyr","4Hz","Peak (mV)",45.7153298598883
"17n30015","GP_CTRL_Tyr_4Hz","GP","CTRL","Tyr","4Hz","Peak (mV)",56.8237277697678
"18215008","GP_CTRL_Tyr_4Hz","GP","CTRL","Tyr","4Hz","Peak (mV)",50.4510509323564
"18215024","GP_CTRL_Tyr_4Hz","GP","CTRL","Tyr","4Hz","Peak (mV)",42.9516611162944
"18215031","GP_CTRL_Tyr_4Hz","GP","CTRL","Tyr","4Hz","Peak (mV)",41.2371835389104
"18215035","GP_CTRL_Tyr_4Hz","GP","CTRL","Tyr","4Hz","Peak (mV)",48.5827647577844
"18215051","GP_CTRL_Tyr_4Hz","GP","CTRL","Tyr","4Hz","Peak (mV)",50.4779064017066
"18215066","GP_CTRL_Tyr_4Hz","GP","CTRL","Tyr","4Hz","Peak (mV)",50.2862560067979
"18215070","GP_CTRL_Tyr_4Hz","GP","CTRL","Tyr","4Hz","Peak (mV)",33.3691413708584
"18d03014","GP_CTRL_Tyr_4Hz","GP","CTRL","Tyr","4Hz","Peak (mV)",-49.8962413496429
"18d03018","GP_CTRL_Tyr_4Hz","GP","CTRL","Tyr","4Hz","Peak (mV)",49.622193491955
"18d03022","GP_CTRL_Tyr_4Hz","GP","CTRL","Tyr","4Hz","Peak (mV)",51.3049327873796
"18d12023","GP_CTRL_Tyr_4Hz","GP","CTRL","Tyr","4Hz","Peak (mV)",52.2692882776846
"18d12027","GP_CTRL_Tyr_4Hz","GP","CTRL","Tyr","4Hz","Peak (mV)",47.1813975389614
"18d12055","GP_CTRL_Tyr_4Hz","GP","CTRL","Tyr","4Hz","Peak (mV)",47.7819834898856
"19307008 2","GP_CTRL_Tyr_4Hz","GP","CTRL","Tyr","4Hz","Peak (mV)",47.9919410798801
"19307008","GP_CTRL_Tyr_4Hz","GP","CTRL","Tyr","4Hz","Peak (mV)",49.9603282651379
"19307012","GP_CTRL_Tyr_4Hz","GP","CTRL","Tyr","4Hz","Peak (mV)",49.8950206464906
"19314014","GP_CTRL_Tyr_4Hz","GP","CTRL","Tyr","4Hz","Peak (mV)",45.2392556637507
"17421003","GP_CTRL_Tyr_0.5Hz","GP","CTRL","Tyr","0.5Hz","APA (mV)",137.989321931958
"17421040","GP_CTRL_Tyr_0.5Hz","GP","CTRL","Tyr","0.5Hz","APA (mV)",136.020816028583
"17502010","GP_CTRL_Tyr_0.5Hz","GP","CTRL","Tyr","0.5Hz","APA (mV)",135.832949813447
"17n30003","GP_CTRL_Tyr_0.5Hz","GP","CTRL","Tyr","0.5Hz","APA (mV)",1.30615228171109
"17n30007","GP_CTRL_Tyr_0.5Hz","GP","CTRL","Tyr","0.5Hz","APA (mV)",132.623284716357
"17n30012","GP_CTRL_Tyr_0.5Hz","GP","CTRL","Tyr","0.5Hz","APA (mV)",133.544915531957
"18215005","GP_CTRL_Tyr_0.5Hz","GP","CTRL","Tyr","0.5Hz","APA (mV)",137.804690580175
"18215021","GP_CTRL_Tyr_0.5Hz","GP","CTRL","Tyr","0.5Hz","APA (mV)",134.942263758382
"18215028","GP_CTRL_Tyr_0.5Hz","GP","CTRL","Tyr","0.5Hz","APA (mV)",136.872622688248
"18215032","GP_CTRL_Tyr_0.5Hz","GP","CTRL","Tyr","0.5Hz","APA (mV)",138.974429375852
"18215048","GP_CTRL_Tyr_0.5Hz","GP","CTRL","Tyr","0.5Hz","APA (mV)",136.545657348908
"18215062","GP_CTRL_Tyr_0.5Hz","GP","CTRL","Tyr","0.5Hz","APA (mV)",133.468020561368
"18215067","GP_CTRL_Tyr_0.5Hz","GP","CTRL","Tyr","0.5Hz","APA (mV)",138.741336108923
"18d03011","GP_CTRL_Tyr_0.5Hz","GP","CTRL","Tyr","0.5Hz","APA (mV)",137.086856091474
"18d03015","GP_CTRL_Tyr_0.5Hz","GP","CTRL","Tyr","0.5Hz","APA (mV)",138.823123220126
"18d03019","GP_CTRL_Tyr_0.5Hz","GP","CTRL","Tyr","0.5Hz","APA (mV)",139.239382995055
"18d12020","GP_CTRL_Tyr_0.5Hz","GP","CTRL","Tyr","0.5Hz","APA (mV)",134.93591610199
"18d12024","GP_CTRL_Tyr_0.5Hz","GP","CTRL","Tyr","0.5Hz","APA (mV)",136.025210559932
"18d12052","GP_CTRL_Tyr_0.5Hz","GP","CTRL","Tyr","0.5Hz","APA (mV)",133.481204155412
"19307004","GP_CTRL_Tyr_0.5Hz","GP","CTRL","Tyr","0.5Hz","APA (mV)",127.933343532867
"19307005","GP_CTRL_Tyr_0.5Hz","GP","CTRL","Tyr","0.5Hz","APA (mV)",134.454836989675
"19307009","GP_CTRL_Tyr_0.5Hz","GP","CTRL","Tyr","0.5Hz","APA (mV)",136.765933232738
"19314011","GP_CTRL_Tyr_0.5Hz","GP","CTRL","Tyr","0.5Hz","APA (mV)",127.120965641766
"17421004","GP_CTRL_Tyr_1Hz","GP","CTRL","Tyr","1Hz","APA (mV)",132.455752472336
"17421041","GP_CTRL_Tyr_1Hz","GP","CTRL","Tyr","1Hz","APA (mV)",132.772891151299
"17502011","GP_CTRL_Tyr_1Hz","GP","CTRL","Tyr","1Hz","APA (mV)",134.178530831155
"17n30004","GP_CTRL_Tyr_1Hz","GP","CTRL","Tyr","1Hz","APA (mV)",136.376946647443
"17n30008","GP_CTRL_Tyr_1Hz","GP","CTRL","Tyr","1Hz","APA (mV)",130.145257490307
"17n30013","GP_CTRL_Tyr_1Hz","GP","CTRL","Tyr","1Hz","APA (mV)",132.189935127565
"18215006","GP_CTRL_Tyr_1Hz","GP","CTRL","Tyr","1Hz","APA (mV)",136.534854126011
"18215022","GP_CTRL_Tyr_1Hz","GP","CTRL","Tyr","1Hz","APA (mV)",134.820010337681
"18215029","GP_CTRL_Tyr_1Hz","GP","CTRL","Tyr","1Hz","APA (mV)",135.415652440838
"18215033","GP_CTRL_Tyr_1Hz","GP","CTRL","Tyr","1Hz","APA (mV)",138.264346352168
"18215049","GP_CTRL_Tyr_1Hz","GP","CTRL","Tyr","1Hz","APA (mV)",135.575442483472
"18215063","GP_CTRL_Tyr_1Hz","GP","CTRL","Tyr","1Hz","APA (mV)",134.780520590704
"18215068","GP_CTRL_Tyr_1Hz","GP","CTRL","Tyr","1Hz","APA (mV)",138.123782384182
"18d03012","GP_CTRL_Tyr_1Hz","GP","CTRL","Tyr","1Hz","APA (mV)",135.742434674705
"18d03016","GP_CTRL_Tyr_1Hz","GP","CTRL","Tyr","1Hz","APA (mV)",138.562503097113
"18d03020","GP_CTRL_Tyr_1Hz","GP","CTRL","Tyr","1Hz","APA (mV)",137.744570949925
"18d12021","GP_CTRL_Tyr_1Hz","GP","CTRL","Tyr","1Hz","APA (mV)",134.690493733223
"18d12025","GP_CTRL_Tyr_1Hz","GP","CTRL","Tyr","1Hz","APA (mV)",131.557375987411
"18d12053","GP_CTRL_Tyr_1Hz","GP","CTRL","Tyr","1Hz","APA (mV)",133.151858444926
"19307005","GP_CTRL_Tyr_1Hz","GP","CTRL","Tyr","1Hz","APA (mV)",113.624262181262
"19307006","GP_CTRL_Tyr_1Hz","GP","CTRL","Tyr","1Hz","APA (mV)",136.161685172357
"19307010","GP_CTRL_Tyr_1Hz","GP","CTRL","Tyr","1Hz","APA (mV)",127.183596592775
"19314012","GP_CTRL_Tyr_1Hz","GP","CTRL","Tyr","1Hz","APA (mV)",124.088128871755
"17421005","GP_CTRL_Tyr_2Hz","GP","CTRL","Tyr","2Hz","APA (mV)",136.513735961476
"17421042","GP_CTRL_Tyr_2Hz","GP","CTRL","Tyr","2Hz","APA (mV)",130.805728021392
"17502012","GP_CTRL_Tyr_2Hz","GP","CTRL","Tyr","2Hz","APA (mV)",132.185183618632
"17n30005","GP_CTRL_Tyr_2Hz","GP","CTRL","Tyr","2Hz","APA (mV)",135.052483819726
"17n30009","GP_CTRL_Tyr_2Hz","GP","CTRL","Tyr","2Hz","APA (mV)",44.4946267928686
"17n30014","GP_CTRL_Tyr_2Hz","GP","CTRL","Tyr","2Hz","APA (mV)",130.902093391859
"18215007","GP_CTRL_Tyr_2Hz","GP","CTRL","Tyr","2Hz","APA (mV)",134.331851147082
"18215023","GP_CTRL_Tyr_2Hz","GP","CTRL","Tyr","2Hz","APA (mV)",133.484927300027
"18215030","GP_CTRL_Tyr_2Hz","GP","CTRL","Tyr","2Hz","APA (mV)",133.772463927548
"18215034","GP_CTRL_Tyr_2Hz","GP","CTRL","Tyr","2Hz","APA (mV)",135.855593856922
"18215050","GP_CTRL_Tyr_2Hz","GP","CTRL","Tyr","2Hz","APA (mV)",134.041445867154
"18215065","GP_CTRL_Tyr_2Hz","GP","CTRL","Tyr","2Hz","APA (mV)",132.837100137109
"18215069","GP_CTRL_Tyr_2Hz","GP","CTRL","Tyr","2Hz","APA (mV)",136.009219348637
"18d03013","GP_CTRL_Tyr_2Hz","GP","CTRL","Tyr","2Hz","APA (mV)",131.989443868163
"18d03017","GP_CTRL_Tyr_2Hz","GP","CTRL","Tyr","2Hz","APA (mV)",135.310000583008
"18d03021","GP_CTRL_Tyr_2Hz","GP","CTRL","Tyr","2Hz","APA (mV)",137.160098280611
"18d12022","GP_CTRL_Tyr_2Hz","GP","CTRL","Tyr","2Hz","APA (mV)",131.881960955604
"18d12026","GP_CTRL_Tyr_2Hz","GP","CTRL","Tyr","2Hz","APA (mV)",131.724551284117
"18d12054","GP_CTRL_Tyr_2Hz","GP","CTRL","Tyr","2Hz","APA (mV)",132.004214376305
"19307007_2","GP_CTRL_Tyr_2Hz","GP","CTRL","Tyr","2Hz","APA (mV)",125.989984250172
"19307007","GP_CTRL_Tyr_2Hz","GP","CTRL","Tyr","2Hz","APA (mV)",135.303897067247
"19307011","GP_CTRL_Tyr_2Hz","GP","CTRL","Tyr","2Hz","APA (mV)",128.813418406548
"19314013","GP_CTRL_Tyr_2Hz","GP","CTRL","Tyr","2Hz","APA (mV)",121.187738384516
"17421007","GP_CTRL_Tyr_4Hz","GP","CTRL","Tyr","4Hz","APA (mV)",134.777957114085
"17421043","GP_CTRL_Tyr_4Hz","GP","CTRL","Tyr","4Hz","APA (mV)",127.478518474367
"17502013","GP_CTRL_Tyr_4Hz","GP","CTRL","Tyr","4Hz","APA (mV)",129.269412069084
"17n30006","GP_CTRL_Tyr_4Hz","GP","CTRL","Tyr","4Hz","APA (mV)",125.299066314239
"17n30010","GP_CTRL_Tyr_4Hz","GP","CTRL","Tyr","4Hz","APA (mV)",113.525385232834
"17n30015","GP_CTRL_Tyr_4Hz","GP","CTRL","Tyr","4Hz","APA (mV)",131.58568710939
"18215008","GP_CTRL_Tyr_4Hz","GP","CTRL","Tyr","4Hz","APA (mV)",131.121829102676
"18215024","GP_CTRL_Tyr_4Hz","GP","CTRL","Tyr","4Hz","APA (mV)",124.927920272825
"18215031","GP_CTRL_Tyr_4Hz","GP","CTRL","Tyr","4Hz","APA (mV)",131.26526172307
"18215035","GP_CTRL_Tyr_4Hz","GP","CTRL","Tyr","4Hz","APA (mV)",134.501223709462
"18215051","GP_CTRL_Tyr_4Hz","GP","CTRL","Tyr","4Hz","APA (mV)",132.266543483731
"18215066","GP_CTRL_Tyr_4Hz","GP","CTRL","Tyr","4Hz","APA (mV)",128.826724070908
"18215070","GP_CTRL_Tyr_4Hz","GP","CTRL","Tyr","4Hz","APA (mV)",133.369143606033
"18d03014","GP_CTRL_Tyr_4Hz","GP","CTRL","Tyr","4Hz","APA (mV)",40.0437020669215
"18d03018","GP_CTRL_Tyr_4Hz","GP","CTRL","Tyr","4Hz","APA (mV)",132.283877468494
"18d03022","GP_CTRL_Tyr_4Hz","GP","CTRL","Tyr","4Hz","APA (mV)",133.991030826964
"18d12023","GP_CTRL_Tyr_4Hz","GP","CTRL","Tyr","4Hz","APA (mV)",130.907107418189
"18d12027","GP_CTRL_Tyr_4Hz","GP","CTRL","Tyr","4Hz","APA (mV)",129.268130330774
"18d12055","GP_CTRL_Tyr_4Hz","GP","CTRL","Tyr","4Hz","APA (mV)",127.144106845798
"19307008 2","GP_CTRL_Tyr_4Hz","GP","CTRL","Tyr","4Hz","APA (mV)",115.696405637528
"19307008","GP_CTRL_Tyr_4Hz","GP","CTRL","Tyr","4Hz","APA (mV)",132.819399941401
"19307012","GP_CTRL_Tyr_4Hz","GP","CTRL","Tyr","4Hz","APA (mV)",124.957095078165
"19314014","GP_CTRL_Tyr_4Hz","GP","CTRL","Tyr","4Hz","APA (mV)",111.237177333705
"17421003","GP_CTRL_Tyr_0.5Hz","GP","CTRL","Tyr","0.5Hz","dV/dt max y (V/s)",215.167241137485
"17421040","GP_CTRL_Tyr_0.5Hz","GP","CTRL","Tyr","0.5Hz","dV/dt max y (V/s)",229.989629164106
"17502010","GP_CTRL_Tyr_0.5Hz","GP","CTRL","Tyr","0.5Hz","dV/dt max y (V/s)",278.976446665293
"17n30003","GP_CTRL_Tyr_0.5Hz","GP","CTRL","Tyr","0.5Hz","dV/dt max y (V/s)",128.173822037086
"17n30007","GP_CTRL_Tyr_0.5Hz","GP","CTRL","Tyr","0.5Hz","dV/dt max y (V/s)",378.417950776136
"17n30012","GP_CTRL_Tyr_0.5Hz","GP","CTRL","Tyr","0.5Hz","dV/dt max y (V/s)",335.693343430393
"18215005","GP_CTRL_Tyr_0.5Hz","GP","CTRL","Tyr","0.5Hz","dV/dt max y (V/s)",280.41992814288
"18215021","GP_CTRL_Tyr_0.5Hz","GP","CTRL","Tyr","0.5Hz","dV/dt max y (V/s)",212.32910630843
"18215028","GP_CTRL_Tyr_0.5Hz","GP","CTRL","Tyr","0.5Hz","dV/dt max y (V/s)",279.772955472159
"18215032","GP_CTRL_Tyr_0.5Hz","GP","CTRL","Tyr","0.5Hz","dV/dt max y (V/s)",276.956182948262
"18215048","GP_CTRL_Tyr_0.5Hz","GP","CTRL","Tyr","0.5Hz","dV/dt max y (V/s)",302.743537040289
"18215062","GP_CTRL_Tyr_0.5Hz","GP","CTRL","Tyr","0.5Hz","dV/dt max y (V/s)",253.750616023334
"18215067","GP_CTRL_Tyr_0.5Hz","GP","CTRL","Tyr","0.5Hz","dV/dt max y (V/s)",260.360723592959
"18d03011","GP_CTRL_Tyr_0.5Hz","GP","CTRL","Tyr","0.5Hz","dV/dt max y (V/s)",310.495002057287
"18d03015","GP_CTRL_Tyr_0.5Hz","GP","CTRL","Tyr","0.5Hz","dV/dt max y (V/s)",311.047370233696
"18d03019","GP_CTRL_Tyr_0.5Hz","GP","CTRL","Tyr","0.5Hz","dV/dt max y (V/s)",361.520393822806
"18d12020","GP_CTRL_Tyr_0.5Hz","GP","CTRL","Tyr","0.5Hz","dV/dt max y (V/s)",237.472539487617
"18d12024","GP_CTRL_Tyr_0.5Hz","GP","CTRL","Tyr","0.5Hz","dV/dt max y (V/s)",233.08411165515
"18d12052","GP_CTRL_Tyr_0.5Hz","GP","CTRL","Tyr","0.5Hz","dV/dt max y (V/s)",152.001956522506
"19307004","GP_CTRL_Tyr_0.5Hz","GP","CTRL","Tyr","0.5Hz","dV/dt max y (V/s)",187.652578977606
"19307005","GP_CTRL_Tyr_0.5Hz","GP","CTRL","Tyr","0.5Hz","dV/dt max y (V/s)",311.090094844035
"19307009","GP_CTRL_Tyr_0.5Hz","GP","CTRL","Tyr","0.5Hz","dV/dt max y (V/s)",226.913457220348
"19314011","GP_CTRL_Tyr_0.5Hz","GP","CTRL","Tyr","0.5Hz","dV/dt max y (V/s)",189.117422658027
"17421004","GP_CTRL_Tyr_1Hz","GP","CTRL","Tyr","1Hz","dV/dt max y (V/s)",203.2196090345
"17421041","GP_CTRL_Tyr_1Hz","GP","CTRL","Tyr","1Hz","dV/dt max y (V/s)",213.720707902028
"17502011","GP_CTRL_Tyr_1Hz","GP","CTRL","Tyr","1Hz","dV/dt max y (V/s)",263.720709019613
"17n30004","GP_CTRL_Tyr_1Hz","GP","CTRL","Tyr","1Hz","dV/dt max y (V/s)",384.012839833282
"17n30008","GP_CTRL_Tyr_1Hz","GP","CTRL","Tyr","1Hz","dV/dt max y (V/s)",384.521466111219
"17n30013","GP_CTRL_Tyr_1Hz","GP","CTRL","Tyr","1Hz","dV/dt max y (V/s)",295.003241196438
"18215006","GP_CTRL_Tyr_1Hz","GP","CTRL","Tyr","1Hz","dV/dt max y (V/s)",274.166876245296
"18215022","GP_CTRL_Tyr_1Hz","GP","CTRL","Tyr","1Hz","dV/dt max y (V/s)",252.41394607158
"18215029","GP_CTRL_Tyr_1Hz","GP","CTRL","Tyr","1Hz","dV/dt max y (V/s)",209.14612283884
"18215033","GP_CTRL_Tyr_1Hz","GP","CTRL","Tyr","1Hz","dV/dt max y (V/s)",288.400275000932
"18215049","GP_CTRL_Tyr_1Hz","GP","CTRL","Tyr","1Hz","dV/dt max y (V/s)",262.149053711051
"18215063","GP_CTRL_Tyr_1Hz","GP","CTRL","Tyr","1Hz","dV/dt max y (V/s)",230.364995383436
"18215068","GP_CTRL_Tyr_1Hz","GP","CTRL","Tyr","1Hz","dV/dt max y (V/s)",274.111944603443
"18d03012","GP_CTRL_Tyr_1Hz","GP","CTRL","Tyr","1Hz","dV/dt max y (V/s)",290.124518203539
"18d03016","GP_CTRL_Tyr_1Hz","GP","CTRL","Tyr","1Hz","dV/dt max y (V/s)",363.079842099837
"18d03020","GP_CTRL_Tyr_1Hz","GP","CTRL","Tyr","1Hz","dV/dt max y (V/s)",334.384162747507
"18d12021","GP_CTRL_Tyr_1Hz","GP","CTRL","Tyr","1Hz","dV/dt max y (V/s)",225.708012857468
"18d12025","GP_CTRL_Tyr_1Hz","GP","CTRL","Tyr","1Hz","dV/dt max y (V/s)",248.092656912487
"18d12053","GP_CTRL_Tyr_1Hz","GP","CTRL","Tyr","1Hz","dV/dt max y (V/s)",166.809085759721
"19307005","GP_CTRL_Tyr_1Hz","GP","CTRL","Tyr","1Hz","dV/dt max y (V/s)",115.600580446767
"19307006","GP_CTRL_Tyr_1Hz","GP","CTRL","Tyr","1Hz","dV/dt max y (V/s)",330.529792544162
"19307010","GP_CTRL_Tyr_1Hz","GP","CTRL","Tyr","1Hz","dV/dt max y (V/s)",165.368656040028
"19314012","GP_CTRL_Tyr_1Hz","GP","CTRL","Tyr","1Hz","dV/dt max y (V/s)",214.569081605391
"17421005","GP_CTRL_Tyr_2Hz","GP","CTRL","Tyr","2Hz","dV/dt max y (V/s)",159.03015492179
"17421042","GP_CTRL_Tyr_2Hz","GP","CTRL","Tyr","2Hz","dV/dt max y (V/s)",211.318974449909
"17502012","GP_CTRL_Tyr_2Hz","GP","CTRL","Tyr","2Hz","dV/dt max y (V/s)",219.235234392476
"17n30005","GP_CTRL_Tyr_2Hz","GP","CTRL","Tyr","2Hz","dV/dt max y (V/s)",391.642234002161
"17n30009","GP_CTRL_Tyr_2Hz","GP","CTRL","Tyr","2Hz","dV/dt max y (V/s)",122.070306701974
"17n30014","GP_CTRL_Tyr_2Hz","GP","CTRL","Tyr","2Hz","dV/dt max y (V/s)",244.140613403961
"18215007","GP_CTRL_Tyr_2Hz","GP","CTRL","Tyr","2Hz","dV/dt max y (V/s)",248.999029003061
"18215023","GP_CTRL_Tyr_2Hz","GP","CTRL","Tyr","2Hz","dV/dt max y (V/s)",245.034795516016
"18215030","GP_CTRL_Tyr_2Hz","GP","CTRL","Tyr","2Hz","dV/dt max y (V/s)",221.966557695717
"18215034","GP_CTRL_Tyr_2Hz","GP","CTRL","Tyr","2Hz","dV/dt max y (V/s)",237.966924264291
"18215050","GP_CTRL_Tyr_2Hz","GP","CTRL","Tyr","2Hz","dV/dt max y (V/s)",278.289801142137
"18215065","GP_CTRL_Tyr_2Hz","GP","CTRL","Tyr","2Hz","dV/dt max y (V/s)",179.501346785607
"18215069","GP_CTRL_Tyr_2Hz","GP","CTRL","Tyr","2Hz","dV/dt max y (V/s)",253.027349405603
"18d03013","GP_CTRL_Tyr_2Hz","GP","CTRL","Tyr","2Hz","dV/dt max y (V/s)",318.679816693365
"18d03017","GP_CTRL_Tyr_2Hz","GP","CTRL","Tyr","2Hz","dV/dt max y (V/s)",276.992804042838
"18d03021","GP_CTRL_Tyr_2Hz","GP","CTRL","Tyr","2Hz","dV/dt max y (V/s)",298.858649258135
"18d12022","GP_CTRL_Tyr_2Hz","GP","CTRL","Tyr","2Hz","dV/dt max y (V/s)",220.175175819735
"18d12026","GP_CTRL_Tyr_2Hz","GP","CTRL","Tyr","2Hz","dV/dt max y (V/s)",265.106207097459
"18d12054","GP_CTRL_Tyr_2Hz","GP","CTRL","Tyr","2Hz","dV/dt max y (V/s)",157.540897076003
"19307007_2","GP_CTRL_Tyr_2Hz","GP","CTRL","Tyr","2Hz","dV/dt max y (V/s)",164.031974630773
"19307007","GP_CTRL_Tyr_2Hz","GP","CTRL","Tyr","2Hz","dV/dt max y (V/s)",197.247318861948
"19307011","GP_CTRL_Tyr_2Hz","GP","CTRL","Tyr","2Hz","dV/dt max y (V/s)",236.074834378245
"19314013","GP_CTRL_Tyr_2Hz","GP","CTRL","Tyr","2Hz","dV/dt max y (V/s)",198.028555047272
"17421007","GP_CTRL_Tyr_4Hz","GP","CTRL","Tyr","4Hz","dV/dt max y (V/s)",176.474002967939
"17421043","GP_CTRL_Tyr_4Hz","GP","CTRL","Tyr","4Hz","dV/dt max y (V/s)",206.454472388053
"17502013","GP_CTRL_Tyr_4Hz","GP","CTRL","Tyr","4Hz","dV/dt max y (V/s)",91.7175313469219
"17n30006","GP_CTRL_Tyr_4Hz","GP","CTRL","Tyr","4Hz","dV/dt max y (V/s)",283.813463082088
"17n30010","GP_CTRL_Tyr_4Hz","GP","CTRL","Tyr","4Hz","dV/dt max y (V/s)",250.244128739046
"17n30015","GP_CTRL_Tyr_4Hz","GP","CTRL","Tyr","4Hz","dV/dt max y (V/s)",343.322737599295
"18215008","GP_CTRL_Tyr_4Hz","GP","CTRL","Tyr","4Hz","dV/dt max y (V/s)",205.557255571124
"18215024","GP_CTRL_Tyr_4Hz","GP","CTRL","Tyr","4Hz","dV/dt max y (V/s)",122.470095510858
"18215031","GP_CTRL_Tyr_4Hz","GP","CTRL","Tyr","4Hz","dV/dt max y (V/s)",121.209719506124
"18215035","GP_CTRL_Tyr_4Hz","GP","CTRL","Tyr","4Hz","dV/dt max y (V/s)",177.294925837849
"18215051","GP_CTRL_Tyr_4Hz","GP","CTRL","Tyr","4Hz","dV/dt max y (V/s)",226.251225760235
"18215066","GP_CTRL_Tyr_4Hz","GP","CTRL","Tyr","4Hz","dV/dt max y (V/s)",148.519900780616
"18215070","GP_CTRL_Tyr_4Hz","GP","CTRL","Tyr","4Hz","dV/dt max y (V/s)",230.767827423687
"18d03014","GP_CTRL_Tyr_4Hz","GP","CTRL","Tyr","4Hz","dV/dt max y (V/s)",0.56152345005103
"18d03018","GP_CTRL_Tyr_4Hz","GP","CTRL","Tyr","4Hz","dV/dt max y (V/s)",179.946903436188
"18d03022","GP_CTRL_Tyr_4Hz","GP","CTRL","Tyr","4Hz","dV/dt max y (V/s)",260.94360934817
"18d12023","GP_CTRL_Tyr_4Hz","GP","CTRL","Tyr","4Hz","dV/dt max y (V/s)",204.824833679753
"18d12027","GP_CTRL_Tyr_4Hz","GP","CTRL","Tyr","4Hz","dV/dt max y (V/s)",248.916631540281
"18d12055","GP_CTRL_Tyr_4Hz","GP","CTRL","Tyr","4Hz","dV/dt max y (V/s)",118.301394245805
"19307008 2","GP_CTRL_Tyr_4Hz","GP","CTRL","Tyr","4Hz","dV/dt max y (V/s)",108.978266308185
"19307008","GP_CTRL_Tyr_4Hz","GP","CTRL","Tyr","4Hz","dV/dt max y (V/s)",299.545294781295
"19307012","GP_CTRL_Tyr_4Hz","GP","CTRL","Tyr","4Hz","dV/dt max y (V/s)",197.024540536655
"19314014","GP_CTRL_Tyr_4Hz","GP","CTRL","Tyr","4Hz","dV/dt max y (V/s)",112.823480969298
"17421003","GP_CTRL_Tyr_0.5Hz","GP","CTRL","Tyr","0.5Hz","Negative dV/dt max y (V/s)",-4.11376962320015
"17421040","GP_CTRL_Tyr_0.5Hz","GP","CTRL","Tyr","0.5Hz","Negative dV/dt max y (V/s)",-52.9144298936664
"17502010","GP_CTRL_Tyr_0.5Hz","GP","CTRL","Tyr","0.5Hz","Negative dV/dt max y (V/s)",-6.76472996891189
"17n30003","GP_CTRL_Tyr_0.5Hz","GP","CTRL","Tyr","0.5Hz","Negative dV/dt max y (V/s)",-169.754020257843
"17n30007","GP_CTRL_Tyr_0.5Hz","GP","CTRL","Tyr","0.5Hz","Negative dV/dt max y (V/s)",-171.237513568171
"17n30012","GP_CTRL_Tyr_0.5Hz","GP","CTRL","Tyr","0.5Hz","Negative dV/dt max y (V/s)",-177.383414426669
"18215005","GP_CTRL_Tyr_0.5Hz","GP","CTRL","Tyr","0.5Hz","Negative dV/dt max y (V/s)",-101.779177079628
"18215021","GP_CTRL_Tyr_0.5Hz","GP","CTRL","Tyr","0.5Hz","Negative dV/dt max y (V/s)",-54.2236340244919
"18215028","GP_CTRL_Tyr_0.5Hz","GP","CTRL","Tyr","0.5Hz","Negative dV/dt max y (V/s)",-10.7269289507029
"18215032","GP_CTRL_Tyr_0.5Hz","GP","CTRL","Tyr","0.5Hz","Negative dV/dt max y (V/s)",-39.0533455994722
"18215048","GP_CTRL_Tyr_0.5Hz","GP","CTRL","Tyr","0.5Hz","Negative dV/dt max y (V/s)",-43.4814462843855
"18215062","GP_CTRL_Tyr_0.5Hz","GP","CTRL","Tyr","0.5Hz","Negative dV/dt max y (V/s)",-26.2023931637937
"18215067","GP_CTRL_Tyr_0.5Hz","GP","CTRL","Tyr","0.5Hz","Negative dV/dt max y (V/s)",-107.254030717625
"18d03011","GP_CTRL_Tyr_0.5Hz","GP","CTRL","Tyr","0.5Hz","Negative dV/dt max y (V/s)",-70.8313004113269
"18d03015","GP_CTRL_Tyr_0.5Hz","GP","CTRL","Tyr","0.5Hz","Negative dV/dt max y (V/s)",-5.1818848814493
"18d03019","GP_CTRL_Tyr_0.5Hz","GP","CTRL","Tyr","0.5Hz","Negative dV/dt max y (V/s)",-126.898196195769
"18d12020","GP_CTRL_Tyr_0.5Hz","GP","CTRL","Tyr","0.5Hz","Negative dV/dt max y (V/s)",-28.1188971128809
"18d12024","GP_CTRL_Tyr_0.5Hz","GP","CTRL","Tyr","0.5Hz","Negative dV/dt max y (V/s)",-43.3685312427991
"18d12052","GP_CTRL_Tyr_0.5Hz","GP","CTRL","Tyr","0.5Hz","Negative dV/dt max y (V/s)",-26.4617925836543
"19307004","GP_CTRL_Tyr_0.5Hz","GP","CTRL","Tyr","0.5Hz","Negative dV/dt max y (V/s)",-5.08626277924887
"19307005","GP_CTRL_Tyr_0.5Hz","GP","CTRL","Tyr","0.5Hz","Negative dV/dt max y (V/s)",-26.8127447399361
"19307009","GP_CTRL_Tyr_0.5Hz","GP","CTRL","Tyr","0.5Hz","Negative dV/dt max y (V/s)",-68.5211196956279
"19314011","GP_CTRL_Tyr_0.5Hz","GP","CTRL","Tyr","0.5Hz","Negative dV/dt max y (V/s)",-9.46044876940267
"17421004","GP_CTRL_Tyr_1Hz","GP","CTRL","Tyr","1Hz","Negative dV/dt max y (V/s)",-4.20379648068086
"17421041","GP_CTRL_Tyr_1Hz","GP","CTRL","Tyr","1Hz","Negative dV/dt max y (V/s)",-56.6650403290625
"17502011","GP_CTRL_Tyr_1Hz","GP","CTRL","Tyr","1Hz","Negative dV/dt max y (V/s)",-6.83898941067635
"17n30004","GP_CTRL_Tyr_1Hz","GP","CTRL","Tyr","1Hz","Negative dV/dt max y (V/s)",-162.298021410676
"17n30008","GP_CTRL_Tyr_1Hz","GP","CTRL","Tyr","1Hz","Negative dV/dt max y (V/s)",-177.001944717935
"17n30013","GP_CTRL_Tyr_1Hz","GP","CTRL","Tyr","1Hz","Negative dV/dt max y (V/s)",-173.950187050137
"18215006","GP_CTRL_Tyr_1Hz","GP","CTRL","Tyr","1Hz","Negative dV/dt max y (V/s)",-126.657107323195
"18215022","GP_CTRL_Tyr_1Hz","GP","CTRL","Tyr","1Hz","Negative dV/dt max y (V/s)",-90.8020039827083
"18215029","GP_CTRL_Tyr_1Hz","GP","CTRL","Tyr","1Hz","Negative dV/dt max y (V/s)",-4.00390633949439
"18215033","GP_CTRL_Tyr_1Hz","GP","CTRL","Tyr","1Hz","Negative dV/dt max y (V/s)",-15.0207522888651
"18215049","GP_CTRL_Tyr_1Hz","GP","CTRL","Tyr","1Hz","Negative dV/dt max y (V/s)",-59.3841566007771
"18215063","GP_CTRL_Tyr_1Hz","GP","CTRL","Tyr","1Hz","Negative dV/dt max y (V/s)",-47.7355967700989
"18215068","GP_CTRL_Tyr_1Hz","GP","CTRL","Tyr","1Hz","Negative dV/dt max y (V/s)",-131.353762701611
"18d03012","GP_CTRL_Tyr_1Hz","GP","CTRL","Tyr","1Hz","Negative dV/dt max y (V/s)",-81.3293475209778
"18d03016","GP_CTRL_Tyr_1Hz","GP","CTRL","Tyr","1Hz","Negative dV/dt max y (V/s)",-35.3912361426184
"18d03020","GP_CTRL_Tyr_1Hz","GP","CTRL","Tyr","1Hz","Negative dV/dt max y (V/s)",-149.920657647863
"18d12021","GP_CTRL_Tyr_1Hz","GP","CTRL","Tyr","1Hz","Negative dV/dt max y (V/s)",-27.2491461168785
"18d12025","GP_CTRL_Tyr_1Hz","GP","CTRL","Tyr","1Hz","Negative dV/dt max y (V/s)",-5.24902355482492
"18d12053","GP_CTRL_Tyr_1Hz","GP","CTRL","Tyr","1Hz","Negative dV/dt max y (V/s)",-4.06494149710853
"19307005","GP_CTRL_Tyr_1Hz","GP","CTRL","Tyr","1Hz","Negative dV/dt max y (V/s)",-5.18798803483395
"19307006","GP_CTRL_Tyr_1Hz","GP","CTRL","Tyr","1Hz","Negative dV/dt max y (V/s)",-4.9133301879469
"19307010","GP_CTRL_Tyr_1Hz","GP","CTRL","Tyr","1Hz","Negative dV/dt max y (V/s)",-6.50634780167841
"19314012","GP_CTRL_Tyr_1Hz","GP","CTRL","Tyr","1Hz","Negative dV/dt max y (V/s)",-4.2724607345697
"17421005","GP_CTRL_Tyr_2Hz","GP","CTRL","Tyr","2Hz","Negative dV/dt max y (V/s)",-3.8706462453697
"17421042","GP_CTRL_Tyr_2Hz","GP","CTRL","Tyr","2Hz","Negative dV/dt max y (V/s)",-49.5605479827643
"17502012","GP_CTRL_Tyr_2Hz","GP","CTRL","Tyr","2Hz","Negative dV/dt max y (V/s)",-6.48803725439413
"17n30005","GP_CTRL_Tyr_2Hz","GP","CTRL","Tyr","2Hz","Negative dV/dt max y (V/s)",-170.89842938274
"17n30009","GP_CTRL_Tyr_2Hz","GP","CTRL","Tyr","2Hz","Negative dV/dt max y (V/s)",-195.312490723185
"17n30014","GP_CTRL_Tyr_2Hz","GP","CTRL","Tyr","2Hz","Negative dV/dt max y (V/s)",-158.691398712525
"18215007","GP_CTRL_Tyr_2Hz","GP","CTRL","Tyr","2Hz","Negative dV/dt max y (V/s)",-129.248049763918
"18215023","GP_CTRL_Tyr_2Hz","GP","CTRL","Tyr","2Hz","Negative dV/dt max y (V/s)",-82.0526141387059
"18215030","GP_CTRL_Tyr_2Hz","GP","CTRL","Tyr","2Hz","Negative dV/dt max y (V/s)",-4.05273446558556
"18215034","GP_CTRL_Tyr_2Hz","GP","CTRL","Tyr","2Hz","Negative dV/dt max y (V/s)",-93.679811664219
"18215050","GP_CTRL_Tyr_2Hz","GP","CTRL","Tyr","2Hz","Negative dV/dt max y (V/s)",-64.6179213661978
"18215065","GP_CTRL_Tyr_2Hz","GP","CTRL","Tyr","2Hz","Negative dV/dt max y (V/s)",-5.84106458368271
"18215069","GP_CTRL_Tyr_2Hz","GP","CTRL","Tyr","2Hz","Negative dV/dt max y (V/s)",-155.075076708385
"18d03013","GP_CTRL_Tyr_2Hz","GP","CTRL","Tyr","2Hz","Negative dV/dt max y (V/s)",-20.2545170542862
"18d03017","GP_CTRL_Tyr_2Hz","GP","CTRL","Tyr","2Hz","Negative dV/dt max y (V/s)",-5.07507335562429
"18d03021","GP_CTRL_Tyr_2Hz","GP","CTRL","Tyr","2Hz","Negative dV/dt max y (V/s)",-150.109866636466
"18d12022","GP_CTRL_Tyr_2Hz","GP","CTRL","Tyr","2Hz","Negative dV/dt max y (V/s)",-35.9985359608798
"18d12026","GP_CTRL_Tyr_2Hz","GP","CTRL","Tyr","2Hz","Negative dV/dt max y (V/s)",-31.5460212129208
"18d12054","GP_CTRL_Tyr_2Hz","GP","CTRL","Tyr","2Hz","Negative dV/dt max y (V/s)",-3.78112801420218
"19307007_2","GP_CTRL_Tyr_2Hz","GP","CTRL","Tyr","2Hz","Negative dV/dt max y (V/s)",-34.729002256711
"19307007","GP_CTRL_Tyr_2Hz","GP","CTRL","Tyr","2Hz","Negative dV/dt max y (V/s)",-4.78820811483742
"19307011","GP_CTRL_Tyr_2Hz","GP","CTRL","Tyr","2Hz","Negative dV/dt max y (V/s)",-76.6296403846805
"19314013","GP_CTRL_Tyr_2Hz","GP","CTRL","Tyr","2Hz","Negative dV/dt max y (V/s)",-4.08935527451642
"17421007","GP_CTRL_Tyr_4Hz","GP","CTRL","Tyr","4Hz","Negative dV/dt max y (V/s)",-3.67736824625839
"17421043","GP_CTRL_Tyr_4Hz","GP","CTRL","Tyr","4Hz","Negative dV/dt max y (V/s)",-29.8492438312452
"17502013","GP_CTRL_Tyr_4Hz","GP","CTRL","Tyr","4Hz","Negative dV/dt max y (V/s)",-6.17980970844195
"17n30006","GP_CTRL_Tyr_4Hz","GP","CTRL","Tyr","4Hz","Negative dV/dt max y (V/s)",-148.228229566766
"17n30010","GP_CTRL_Tyr_4Hz","GP","CTRL","Tyr","4Hz","Negative dV/dt max y (V/s)",-170.389803104878
"17n30015","GP_CTRL_Tyr_4Hz","GP","CTRL","Tyr","4Hz","Negative dV/dt max y (V/s)",-152.587883377499
"18215008","GP_CTRL_Tyr_4Hz","GP","CTRL","Tyr","4Hz","Negative dV/dt max y (V/s)",-32.5408942820333
"18215024","GP_CTRL_Tyr_4Hz","GP","CTRL","Tyr","4Hz","Negative dV/dt max y (V/s)",-4.88281260913936
"18215031","GP_CTRL_Tyr_4Hz","GP","CTRL","Tyr","4Hz","Negative dV/dt max y (V/s)",-3.56140144679133
"18215035","GP_CTRL_Tyr_4Hz","GP","CTRL","Tyr","4Hz","Negative dV/dt max y (V/s)",-4.58984385259114
"18215051","GP_CTRL_Tyr_4Hz","GP","CTRL","Tyr","4Hz","Negative dV/dt max y (V/s)",-61.4044203178084
"18215066","GP_CTRL_Tyr_4Hz","GP","CTRL","Tyr","4Hz","Negative dV/dt max y (V/s)",-5.26733410210909
"18215070","GP_CTRL_Tyr_4Hz","GP","CTRL","Tyr","4Hz","Negative dV/dt max y (V/s)",-153.140262212015
"18d03014","GP_CTRL_Tyr_4Hz","GP","CTRL","Tyr","4Hz","Negative dV/dt max y (V/s)",-108.126833471511
"18d03018","GP_CTRL_Tyr_4Hz","GP","CTRL","Tyr","4Hz","Negative dV/dt max y (V/s)",-4.92858897735017
"18d03022","GP_CTRL_Tyr_4Hz","GP","CTRL","Tyr","4Hz","Negative dV/dt max y (V/s)",-129.669192351458
"18d12023","GP_CTRL_Tyr_4Hz","GP","CTRL","Tyr","4Hz","Negative dV/dt max y (V/s)",-3.5552979310295
"18d12027","GP_CTRL_Tyr_4Hz","GP","CTRL","Tyr","4Hz","Negative dV/dt max y (V/s)",-3.42102058427827
"18d12055","GP_CTRL_Tyr_4Hz","GP","CTRL","Tyr","4Hz","Negative dV/dt max y (V/s)",-66.2353530429757
"19307008 2","GP_CTRL_Tyr_4Hz","GP","CTRL","Tyr","4Hz","Negative dV/dt max y (V/s)",-4.42504861794643
"19307008","GP_CTRL_Tyr_4Hz","GP","CTRL","Tyr","4Hz","Negative dV/dt max y (V/s)",-84.8724384204847
"19307012","GP_CTRL_Tyr_4Hz","GP","CTRL","Tyr","4Hz","Negative dV/dt max y (V/s)",-79.2785662251393
"19314014","GP_CTRL_Tyr_4Hz","GP","CTRL","Tyr","4Hz","Negative dV/dt max y (V/s)",-4.82177711472788
"17421003","GP_CTRL_Tyr_0.5Hz","GP","CTRL","Tyr","0.5Hz","SD1",2.786000717875
"17421040","GP_CTRL_Tyr_0.5Hz","GP","CTRL","Tyr","0.5Hz","SD1",0.0989949493661161
"17502010","GP_CTRL_Tyr_0.5Hz","GP","CTRL","Tyr","0.5Hz","SD1",3.08769961118126
"17n30003","GP_CTRL_Tyr_0.5Hz","GP","CTRL","Tyr","0.5Hz","SD1",0.00377123616632826
"17n30007","GP_CTRL_Tyr_0.5Hz","GP","CTRL","Tyr","0.5Hz","SD1",8.73606857929941
"17n30012","GP_CTRL_Tyr_0.5Hz","GP","CTRL","Tyr","0.5Hz","SD1",6.10893118493098
"18215005","GP_CTRL_Tyr_0.5Hz","GP","CTRL","Tyr","0.5Hz","SD1",1.74891077213474
"18215021","GP_CTRL_Tyr_0.5Hz","GP","CTRL","Tyr","0.5Hz","SD1",1.04651803615609
"18215028","GP_CTRL_Tyr_0.5Hz","GP","CTRL","Tyr","0.5Hz","SD1",2.93685016452812
"18215032","GP_CTRL_Tyr_0.5Hz","GP","CTRL","Tyr","0.5Hz","SD1",3.87494516090228
"18215048","GP_CTRL_Tyr_0.5Hz","GP","CTRL","Tyr","0.5Hz","SD1",2.51730014102411
"18215062","GP_CTRL_Tyr_0.5Hz","GP","CTRL","Tyr","0.5Hz","SD1",2.03646752981726
"18215067","GP_CTRL_Tyr_0.5Hz","GP","CTRL","Tyr","0.5Hz","SD1",4.16250191858481
"18d03011","GP_CTRL_Tyr_0.5Hz","GP","CTRL","Tyr","0.5Hz","SD1",2.22031529292576
"18d03015","GP_CTRL_Tyr_0.5Hz","GP","CTRL","Tyr","0.5Hz","SD1",3.48839345385363
"18d03019","GP_CTRL_Tyr_0.5Hz","GP","CTRL","Tyr","0.5Hz","SD1",2.21560124771785
"18d12020","GP_CTRL_Tyr_0.5Hz","GP","CTRL","Tyr","0.5Hz","SD1",1.97989898732232
"18d12024","GP_CTRL_Tyr_0.5Hz","GP","CTRL","Tyr","0.5Hz","SD1",1.92333044482741
"18d12052","GP_CTRL_Tyr_0.5Hz","GP","CTRL","Tyr","0.5Hz","SD1",2.56444059310322
"19307004","GP_CTRL_Tyr_0.5Hz","GP","CTRL","Tyr","0.5Hz","SD1",3.23854905783438
"19307005","GP_CTRL_Tyr_0.5Hz","GP","CTRL","Tyr","0.5Hz","SD1",4.47362890230689
"19307009","GP_CTRL_Tyr_0.5Hz","GP","CTRL","Tyr","0.5Hz","SD1",2.31459619708396
"19314011","GP_CTRL_Tyr_0.5Hz","GP","CTRL","Tyr","0.5Hz","SD1",3.03584511389425
"17421004","GP_CTRL_Tyr_1Hz","GP","CTRL","Tyr","1Hz","SD1",2.24859956417322
"17421041","GP_CTRL_Tyr_1Hz","GP","CTRL","Tyr","1Hz","SD1",0.678822509939086
"17502011","GP_CTRL_Tyr_1Hz","GP","CTRL","Tyr","1Hz","SD1",1.7819090885901
"17n30004","GP_CTRL_Tyr_1Hz","GP","CTRL","Tyr","1Hz","SD1",3.61897250611275
"17n30008","GP_CTRL_Tyr_1Hz","GP","CTRL","Tyr","1Hz","SD1",4.68764655474602
"17n30013","GP_CTRL_Tyr_1Hz","GP","CTRL","Tyr","1Hz","SD1",4.02249477590987
"18215006","GP_CTRL_Tyr_1Hz","GP","CTRL","Tyr","1Hz","SD1",1.54149278298668
"18215022","GP_CTRL_Tyr_1Hz","GP","CTRL","Tyr","1Hz","SD1",1.39064333633355
"18215029","GP_CTRL_Tyr_1Hz","GP","CTRL","Tyr","1Hz","SD1",3.50724963468528
"18215033","GP_CTRL_Tyr_1Hz","GP","CTRL","Tyr","1Hz","SD1",2.6964338589247
"18215049","GP_CTRL_Tyr_1Hz","GP","CTRL","Tyr","1Hz","SD1",1.74419672692682
"18215063","GP_CTRL_Tyr_1Hz","GP","CTRL","Tyr","1Hz","SD1",1.15494107593803
"18215068","GP_CTRL_Tyr_1Hz","GP","CTRL","Tyr","1Hz","SD1",2.82371307953828
"18d03012","GP_CTRL_Tyr_1Hz","GP","CTRL","Tyr","1Hz","SD1",1.65462986797652
"18d03016","GP_CTRL_Tyr_1Hz","GP","CTRL","Tyr","1Hz","SD1",2.470159688945
"18d03020","GP_CTRL_Tyr_1Hz","GP","CTRL","Tyr","1Hz","SD1",2.31931024229188
"18d12021","GP_CTRL_Tyr_1Hz","GP","CTRL","Tyr","1Hz","SD1",2.1448905695992
"18d12025","GP_CTRL_Tyr_1Hz","GP","CTRL","Tyr","1Hz","SD1",43.2890771442404
"18d12053","GP_CTRL_Tyr_1Hz","GP","CTRL","Tyr","1Hz","SD1",2.0128973037777
"19307005","GP_CTRL_Tyr_1Hz","GP","CTRL","Tyr","1Hz","SD1",1.26336411571997
"19307006","GP_CTRL_Tyr_1Hz","GP","CTRL","Tyr","1Hz","SD1",2.88970971244903
"19307010","GP_CTRL_Tyr_1Hz","GP","CTRL","Tyr","1Hz","SD1",1.59334728027368
"19314012","GP_CTRL_Tyr_1Hz","GP","CTRL","Tyr","1Hz","SD1",2.44187541769754
"17421005","GP_CTRL_Tyr_2Hz","GP","CTRL","Tyr","2Hz","SD1",1.70648436526353
"17421042","GP_CTRL_Tyr_2Hz","GP","CTRL","Tyr","2Hz","SD1",0.29227080289044
"17502012","GP_CTRL_Tyr_2Hz","GP","CTRL","Tyr","2Hz","SD1",1.051232081364
"17n30005","GP_CTRL_Tyr_2Hz","GP","CTRL","Tyr","2Hz","SD1",2.52154278171122
"17n30009","GP_CTRL_Tyr_2Hz","GP","CTRL","Tyr","2Hz","SD1",7.19834703247905
"17n30014","GP_CTRL_Tyr_2Hz","GP","CTRL","Tyr","2Hz","SD1",2.5705688518735
"18215007","GP_CTRL_Tyr_2Hz","GP","CTRL","Tyr","2Hz","SD1",0.933380951166243
"18215023","GP_CTRL_Tyr_2Hz","GP","CTRL","Tyr","2Hz","SD1",0.985235448453258
"18215030","GP_CTRL_Tyr_2Hz","GP","CTRL","Tyr","2Hz","SD1",1.418927607581
"18215034","GP_CTRL_Tyr_2Hz","GP","CTRL","Tyr","2Hz","SD1",1.41892760758101
"18215050","GP_CTRL_Tyr_2Hz","GP","CTRL","Tyr","2Hz","SD1",1.16436916635384
"18215065","GP_CTRL_Tyr_2Hz","GP","CTRL","Tyr","2Hz","SD1",0.843814092215944
"18215069","GP_CTRL_Tyr_2Hz","GP","CTRL","Tyr","2Hz","SD1",1.56506300902622
"18d03013","GP_CTRL_Tyr_2Hz","GP","CTRL","Tyr","2Hz","SD1",1.15022703073012
"18d03017","GP_CTRL_Tyr_2Hz","GP","CTRL","Tyr","2Hz","SD1",1.93275853524323
"18d03021","GP_CTRL_Tyr_2Hz","GP","CTRL","Tyr","2Hz","SD1",1.40007142674936
"18d12022","GP_CTRL_Tyr_2Hz","GP","CTRL","Tyr","2Hz","SD1",1.38592929112563
"18d12026","GP_CTRL_Tyr_2Hz","GP","CTRL","Tyr","2Hz","SD1",1.45192592403637
"18d12054","GP_CTRL_Tyr_2Hz","GP","CTRL","Tyr","2Hz","SD1",1.92804449003532
"19307007_2","GP_CTRL_Tyr_2Hz","GP","CTRL","Tyr","2Hz","SD1",2.13074843397546
"19307007","GP_CTRL_Tyr_2Hz","GP","CTRL","Tyr","2Hz","SD1",2.23445742854949
"19307011","GP_CTRL_Tyr_2Hz","GP","CTRL","Tyr","2Hz","SD1",1.23036579926459
"19314013","GP_CTRL_Tyr_2Hz","GP","CTRL","Tyr","2Hz","SD1",4.15307382816899
"17421007","GP_CTRL_Tyr_4Hz","GP","CTRL","Tyr","4Hz","SD1",0.952237131997885
"17421043","GP_CTRL_Tyr_4Hz","GP","CTRL","Tyr","4Hz","SD1",0.188561808316413
"17502013","GP_CTRL_Tyr_4Hz","GP","CTRL","Tyr","4Hz","SD1",0.664680374315354
"17n30006","GP_CTRL_Tyr_4Hz","GP","CTRL","Tyr","4Hz","SD1",0.818358248093233
"17n30010","GP_CTRL_Tyr_4Hz","GP","CTRL","Tyr","4Hz","SD1",1.43636957485027
"17n30015","GP_CTRL_Tyr_4Hz","GP","CTRL","Tyr","4Hz","SD1",1.23696546255567
"18215008","GP_CTRL_Tyr_4Hz","GP","CTRL","Tyr","4Hz","SD1",0.782531504513112
"18215024","GP_CTRL_Tyr_4Hz","GP","CTRL","Tyr","4Hz","SD1",0.570399470157148
"18215031","GP_CTRL_Tyr_4Hz","GP","CTRL","Tyr","4Hz","SD1",1.2350798444725
"18215035","GP_CTRL_Tyr_4Hz","GP","CTRL","Tyr","4Hz","SD1",1.29164838696742
"18215051","GP_CTRL_Tyr_4Hz","GP","CTRL","Tyr","4Hz","SD1",0.655252283899533
"18215066","GP_CTRL_Tyr_4Hz","GP","CTRL","Tyr","4Hz","SD1",0.542115198909684
"18215070","GP_CTRL_Tyr_4Hz","GP","CTRL","Tyr","4Hz","SD1",1.07008826219564
"18d03014","GP_CTRL_Tyr_4Hz","GP","CTRL","Tyr","4Hz","SD1",0.0094280904158206
"18d03018","GP_CTRL_Tyr_4Hz","GP","CTRL","Tyr","4Hz","SD1",0.697678690770727
"18d03022","GP_CTRL_Tyr_4Hz","GP","CTRL","Tyr","4Hz","SD1",0.391265752256556
"18d12023","GP_CTRL_Tyr_4Hz","GP","CTRL","Tyr","4Hz","SD1",0.91923881554251
"18d12027","GP_CTRL_Tyr_4Hz","GP","CTRL","Tyr","4Hz","SD1",0.89566858950296
"18d12055","GP_CTRL_Tyr_4Hz","GP","CTRL","Tyr","4Hz","SD1",0.810815775760574
"19307008 2","GP_CTRL_Tyr_4Hz","GP","CTRL","Tyr","4Hz","SD1",1.35293097467026
"19307008","GP_CTRL_Tyr_4Hz","GP","CTRL","Tyr","4Hz","SD1",1.07008826219564
"19307012","GP_CTRL_Tyr_4Hz","GP","CTRL","Tyr","4Hz","SD1",0.900382634710868
"19314014","GP_CTRL_Tyr_4Hz","GP","CTRL","Tyr","4Hz","SD1",0.292270802890439
"17421003","GP_CTRL_Tyr_0.5Hz","GP","CTRL","Tyr","0.5Hz","SD2",0.0734444444444445
"17421040","GP_CTRL_Tyr_0.5Hz","GP","CTRL","Tyr","0.5Hz","SD2",0.00255555555555554
"17502010","GP_CTRL_Tyr_0.5Hz","GP","CTRL","Tyr","0.5Hz","SD2",0.411148148148148
"17n30003","GP_CTRL_Tyr_0.5Hz","GP","CTRL","Tyr","0.5Hz","SD2",8.88888888888889e-05
"17n30007","GP_CTRL_Tyr_0.5Hz","GP","CTRL","Tyr","0.5Hz","SD2",0.559111111111111
"17n30012","GP_CTRL_Tyr_0.5Hz","GP","CTRL","Tyr","0.5Hz","SD2",1.28452962962963
"18215005","GP_CTRL_Tyr_0.5Hz","GP","CTRL","Tyr","0.5Hz","SD2",0.0672222222222223
"18215021","GP_CTRL_Tyr_0.5Hz","GP","CTRL","Tyr","0.5Hz","SD2",0.200266666666667
"18215028","GP_CTRL_Tyr_0.5Hz","GP","CTRL","Tyr","0.5Hz","SD2",0.333222222222222
"18215032","GP_CTRL_Tyr_0.5Hz","GP","CTRL","Tyr","0.5Hz","SD2",0.452607407407407
"18215048","GP_CTRL_Tyr_0.5Hz","GP","CTRL","Tyr","0.5Hz","SD2",0.268918518518519
"18215062","GP_CTRL_Tyr_0.5Hz","GP","CTRL","Tyr","0.5Hz","SD2",0.208207407407407
"18215067","GP_CTRL_Tyr_0.5Hz","GP","CTRL","Tyr","0.5Hz","SD2",0.406555555555555
"18d03011","GP_CTRL_Tyr_0.5Hz","GP","CTRL","Tyr","0.5Hz","SD2",0.158644444444444
"18d03015","GP_CTRL_Tyr_0.5Hz","GP","CTRL","Tyr","0.5Hz","SD2",0.15282962962963
"18d03019","GP_CTRL_Tyr_0.5Hz","GP","CTRL","Tyr","0.5Hz","SD2",0.330874074074074
"18d12020","GP_CTRL_Tyr_0.5Hz","GP","CTRL","Tyr","0.5Hz","SD2",0.0408148148148148
"18d12024","GP_CTRL_Tyr_0.5Hz","GP","CTRL","Tyr","0.5Hz","SD2",0.0748592592592593
"18d12052","GP_CTRL_Tyr_0.5Hz","GP","CTRL","Tyr","0.5Hz","SD2",0.132
"19307004","GP_CTRL_Tyr_0.5Hz","GP","CTRL","Tyr","0.5Hz","SD2",0.361488888888889
"19307005","GP_CTRL_Tyr_0.5Hz","GP","CTRL","Tyr","0.5Hz","SD2",0.359488888888889
"19307009","GP_CTRL_Tyr_0.5Hz","GP","CTRL","Tyr","0.5Hz","SD2",0.0761703703703704
"19314011","GP_CTRL_Tyr_0.5Hz","GP","CTRL","Tyr","0.5Hz","SD2",0.0827407407407407
"17421004","GP_CTRL_Tyr_1Hz","GP","CTRL","Tyr","1Hz","SD2",0.120111111111111
"17421041","GP_CTRL_Tyr_1Hz","GP","CTRL","Tyr","1Hz","SD2",0.127555555555556
"17502011","GP_CTRL_Tyr_1Hz","GP","CTRL","Tyr","1Hz","SD2",0.0525037037037036
"17n30004","GP_CTRL_Tyr_1Hz","GP","CTRL","Tyr","1Hz","SD2",0.342676296296296
"17n30008","GP_CTRL_Tyr_1Hz","GP","CTRL","Tyr","1Hz","SD2",0.186333333333333
"17n30013","GP_CTRL_Tyr_1Hz","GP","CTRL","Tyr","1Hz","SD2",0.11478
"18215006","GP_CTRL_Tyr_1Hz","GP","CTRL","Tyr","1Hz","SD2",0.0674148148148146
"18215022","GP_CTRL_Tyr_1Hz","GP","CTRL","Tyr","1Hz","SD2",0.061888888888889
"18215029","GP_CTRL_Tyr_1Hz","GP","CTRL","Tyr","1Hz","SD2",0.115925925925926
"18215033","GP_CTRL_Tyr_1Hz","GP","CTRL","Tyr","1Hz","SD2",0.178740740740741
"18215049","GP_CTRL_Tyr_1Hz","GP","CTRL","Tyr","1Hz","SD2",0.0899555555555557
"18215063","GP_CTRL_Tyr_1Hz","GP","CTRL","Tyr","1Hz","SD2",0.0477703703703705
"18215068","GP_CTRL_Tyr_1Hz","GP","CTRL","Tyr","1Hz","SD2",0.0871037037037035
"18d03012","GP_CTRL_Tyr_1Hz","GP","CTRL","Tyr","1Hz","SD2",0.0516666666666667
"18d03016","GP_CTRL_Tyr_1Hz","GP","CTRL","Tyr","1Hz","SD2",0.237081481481481
"18d03020","GP_CTRL_Tyr_1Hz","GP","CTRL","Tyr","1Hz","SD2",0.0935111111111111
"18d12021","GP_CTRL_Tyr_1Hz","GP","CTRL","Tyr","1Hz","SD2",0.0526888888888891
"18d12025","GP_CTRL_Tyr_1Hz","GP","CTRL","Tyr","1Hz","SD2",1.68821481481481
"18d12053","GP_CTRL_Tyr_1Hz","GP","CTRL","Tyr","1Hz","SD2",0.0950000000000001
"19307005","GP_CTRL_Tyr_1Hz","GP","CTRL","Tyr","1Hz","SD2",0.159288888888889
"19307006","GP_CTRL_Tyr_1Hz","GP","CTRL","Tyr","1Hz","SD2",0.0878444444444445
"19307010","GP_CTRL_Tyr_1Hz","GP","CTRL","Tyr","1Hz","SD2",0.0489777777777777
"19314012","GP_CTRL_Tyr_1Hz","GP","CTRL","Tyr","1Hz","SD2",0.224622222222222
"17421005","GP_CTRL_Tyr_2Hz","GP","CTRL","Tyr","2Hz","SD2",0.0567407407407408
"17421042","GP_CTRL_Tyr_2Hz","GP","CTRL","Tyr","2Hz","SD2",0.0634222222222222
"17502012","GP_CTRL_Tyr_2Hz","GP","CTRL","Tyr","2Hz","SD2",0.0447777777777778
"17n30005","GP_CTRL_Tyr_2Hz","GP","CTRL","Tyr","2Hz","SD2",0.108621481481481
"17n30009","GP_CTRL_Tyr_2Hz","GP","CTRL","Tyr","2Hz","SD2",0.660244444444444
"17n30014","GP_CTRL_Tyr_2Hz","GP","CTRL","Tyr","2Hz","SD2",0.104517777777778
"18215007","GP_CTRL_Tyr_2Hz","GP","CTRL","Tyr","2Hz","SD2",0.0406666666666668
"18215023","GP_CTRL_Tyr_2Hz","GP","CTRL","Tyr","2Hz","SD2",0.0440666666666668
"18215030","GP_CTRL_Tyr_2Hz","GP","CTRL","Tyr","2Hz","SD2",0.0404814814814815
"18215034","GP_CTRL_Tyr_2Hz","GP","CTRL","Tyr","2Hz","SD2",0.0462592592592593
"18215050","GP_CTRL_Tyr_2Hz","GP","CTRL","Tyr","2Hz","SD2",0.0312222222222222
"18215065","GP_CTRL_Tyr_2Hz","GP","CTRL","Tyr","2Hz","SD2",0.0397703703703703
"18215069","GP_CTRL_Tyr_2Hz","GP","CTRL","Tyr","2Hz","SD2",0.0484
"18d03013","GP_CTRL_Tyr_2Hz","GP","CTRL","Tyr","2Hz","SD2",0.0442222222222223
"18d03017","GP_CTRL_Tyr_2Hz","GP","CTRL","Tyr","2Hz","SD2",0.0547259259259259
"18d03021","GP_CTRL_Tyr_2Hz","GP","CTRL","Tyr","2Hz","SD2",0.046288888888889
"18d12022","GP_CTRL_Tyr_2Hz","GP","CTRL","Tyr","2Hz","SD2",0.0483407407407407
"18d12026","GP_CTRL_Tyr_2Hz","GP","CTRL","Tyr","2Hz","SD2",0.0561481481481482
"18d12054","GP_CTRL_Tyr_2Hz","GP","CTRL","Tyr","2Hz","SD2",0.0848962962962962
"19307007_2","GP_CTRL_Tyr_2Hz","GP","CTRL","Tyr","2Hz","SD2",0.130518518518519
"19307007","GP_CTRL_Tyr_2Hz","GP","CTRL","Tyr","2Hz","SD2",0.0623407407407407
"19307011","GP_CTRL_Tyr_2Hz","GP","CTRL","Tyr","2Hz","SD2",0.0902444444444445
"19314013","GP_CTRL_Tyr_2Hz","GP","CTRL","Tyr","2Hz","SD2",0.219
"17421007","GP_CTRL_Tyr_4Hz","GP","CTRL","Tyr","4Hz","SD2",0.0851111111111113
"17421043","GP_CTRL_Tyr_4Hz","GP","CTRL","Tyr","4Hz","SD2",0.018
"17502013","GP_CTRL_Tyr_4Hz","GP","CTRL","Tyr","4Hz","SD2",0.0438444444444444
"17n30006","GP_CTRL_Tyr_4Hz","GP","CTRL","Tyr","4Hz","SD2",0.0838444444444445
"17n30010","GP_CTRL_Tyr_4Hz","GP","CTRL","Tyr","4Hz","SD2",0.065337037037037
"17n30015","GP_CTRL_Tyr_4Hz","GP","CTRL","Tyr","4Hz","SD2",0.0448755555555555
"18215008","GP_CTRL_Tyr_4Hz","GP","CTRL","Tyr","4Hz","SD2",0.04
"18215024","GP_CTRL_Tyr_4Hz","GP","CTRL","Tyr","4Hz","SD2",0.0969999999999999
"18215031","GP_CTRL_Tyr_4Hz","GP","CTRL","Tyr","4Hz","SD2",0.0403407407407409
"18215035","GP_CTRL_Tyr_4Hz","GP","CTRL","Tyr","4Hz","SD2",0.0565037037037037
"18215051","GP_CTRL_Tyr_4Hz","GP","CTRL","Tyr","4Hz","SD2",0.0212962962962962
"18215066","GP_CTRL_Tyr_4Hz","GP","CTRL","Tyr","4Hz","SD2",0.0294444444444444
"18215070","GP_CTRL_Tyr_4Hz","GP","CTRL","Tyr","4Hz","SD2",0.0236222222222222
"18d03014","GP_CTRL_Tyr_4Hz","GP","CTRL","Tyr","4Hz","SD2",0.0031111111111111
"18d03018","GP_CTRL_Tyr_4Hz","GP","CTRL","Tyr","4Hz","SD2",0.0224148148148148
"18d03022","GP_CTRL_Tyr_4Hz","GP","CTRL","Tyr","4Hz","SD2",0.0231777777777778
"18d12023","GP_CTRL_Tyr_4Hz","GP","CTRL","Tyr","4Hz","SD2",0.0513555555555556
"18d12027","GP_CTRL_Tyr_4Hz","GP","CTRL","Tyr","4Hz","SD2",0.0236148148148147
"18d12055","GP_CTRL_Tyr_4Hz","GP","CTRL","Tyr","4Hz","SD2",0.0460888888888888
"19307008 2","GP_CTRL_Tyr_4Hz","GP","CTRL","Tyr","4Hz","SD2",0.0812962962962962
"19307008","GP_CTRL_Tyr_4Hz","GP","CTRL","Tyr","4Hz","SD2",0.0385407407407407
"19307012","GP_CTRL_Tyr_4Hz","GP","CTRL","Tyr","4Hz","SD2",0.030274074074074
"19314014","GP_CTRL_Tyr_4Hz","GP","CTRL","Tyr","4Hz","SD2",0.0243555555555556
"17421003","GP_CTRL_Tyr_0.5Hz","GP","CTRL","Tyr","0.5Hz","SD1_SD2 Ratio",37.9334439650151
"17421040","GP_CTRL_Tyr_0.5Hz","GP","CTRL","Tyr","0.5Hz","SD1_SD2 Ratio",38.7371540997848
"17502010","GP_CTRL_Tyr_0.5Hz","GP","CTRL","Tyr","0.5Hz","SD1_SD2 Ratio",7.50994410430538
"17n30003","GP_CTRL_Tyr_0.5Hz","GP","CTRL","Tyr","0.5Hz","SD1_SD2 Ratio",42.4264068711929
"17n30007","GP_CTRL_Tyr_0.5Hz","GP","CTRL","Tyr","0.5Hz","SD1_SD2 Ratio",15.6249239295896
"17n30012","GP_CTRL_Tyr_0.5Hz","GP","CTRL","Tyr","0.5Hz","SD1_SD2 Ratio",4.7557728868367
"18215005","GP_CTRL_Tyr_0.5Hz","GP","CTRL","Tyr","0.5Hz","SD1_SD2 Ratio",26.0168544615085
"18215021","GP_CTRL_Tyr_0.5Hz","GP","CTRL","Tyr","0.5Hz","SD1_SD2 Ratio",5.22562268386862
"18215028","GP_CTRL_Tyr_0.5Hz","GP","CTRL","Tyr","0.5Hz","SD1_SD2 Ratio",8.81348832302537
"18215032","GP_CTRL_Tyr_0.5Hz","GP","CTRL","Tyr","0.5Hz","SD1_SD2 Ratio",8.56138255248286
"18215048","GP_CTRL_Tyr_0.5Hz","GP","CTRL","Tyr","0.5Hz","SD1_SD2 Ratio",9.36082853234505
"18215062","GP_CTRL_Tyr_0.5Hz","GP","CTRL","Tyr","0.5Hz","SD1_SD2 Ratio",9.78095618775188
"18215067","GP_CTRL_Tyr_0.5Hz","GP","CTRL","Tyr","0.5Hz","SD1_SD2 Ratio",10.2384578483912
"18d03011","GP_CTRL_Tyr_0.5Hz","GP","CTRL","Tyr","0.5Hz","SD1_SD2 Ratio",13.9955439391594
"18d03015","GP_CTRL_Tyr_0.5Hz","GP","CTRL","Tyr","0.5Hz","SD1_SD2 Ratio",22.8253739952617
"18d03019","GP_CTRL_Tyr_0.5Hz","GP","CTRL","Tyr","0.5Hz","SD1_SD2 Ratio",6.69620686938993
"18d12020","GP_CTRL_Tyr_0.5Hz","GP","CTRL","Tyr","0.5Hz","SD1_SD2 Ratio",48.5093218309462
"18d12024","GP_CTRL_Tyr_0.5Hz","GP","CTRL","Tyr","0.5Hz","SD1_SD2 Ratio",25.6926192412132
"18d12052","GP_CTRL_Tyr_0.5Hz","GP","CTRL","Tyr","0.5Hz","SD1_SD2 Ratio",19.4275802507819
"19307004","GP_CTRL_Tyr_0.5Hz","GP","CTRL","Tyr","0.5Hz","SD1_SD2 Ratio",8.95891729283503
"19307005","GP_CTRL_Tyr_0.5Hz","GP","CTRL","Tyr","0.5Hz","SD1_SD2 Ratio",12.4444149473827
"19307009","GP_CTRL_Tyr_0.5Hz","GP","CTRL","Tyr","0.5Hz","SD1_SD2 Ratio",30.3870939031737
"19314011","GP_CTRL_Tyr_0.5Hz","GP","CTRL","Tyr","0.5Hz","SD1_SD2 Ratio",36.6910555394561
"17421004","GP_CTRL_Tyr_1Hz","GP","CTRL","Tyr","1Hz","SD1_SD2 Ratio",18.7209954464006
"17421041","GP_CTRL_Tyr_1Hz","GP","CTRL","Tyr","1Hz","SD1_SD2 Ratio",5.32177925910433
"17502011","GP_CTRL_Tyr_1Hz","GP","CTRL","Tyr","1Hz","SD1_SD2 Ratio",33.9387312302009
"17n30004","GP_CTRL_Tyr_1Hz","GP","CTRL","Tyr","1Hz","SD1_SD2 Ratio",10.5609070286659
"17n30008","GP_CTRL_Tyr_1Hz","GP","CTRL","Tyr","1Hz","SD1_SD2 Ratio",25.1573160362041
"17n30013","GP_CTRL_Tyr_1Hz","GP","CTRL","Tyr","1Hz","SD1_SD2 Ratio",35.0452585459999
"18215006","GP_CTRL_Tyr_1Hz","GP","CTRL","Tyr","1Hz","SD1_SD2 Ratio",22.8657868039998
"18215022","GP_CTRL_Tyr_1Hz","GP","CTRL","Tyr","1Hz","SD1_SD2 Ratio",22.4700000484774
"18215029","GP_CTRL_Tyr_1Hz","GP","CTRL","Tyr","1Hz","SD1_SD2 Ratio",30.2542300755599
"18215033","GP_CTRL_Tyr_1Hz","GP","CTRL","Tyr","1Hz","SD1_SD2 Ratio",15.0857261067068
"18215049","GP_CTRL_Tyr_1Hz","GP","CTRL","Tyr","1Hz","SD1_SD2 Ratio",19.3895387133663
"18215063","GP_CTRL_Tyr_1Hz","GP","CTRL","Tyr","1Hz","SD1_SD2 Ratio",24.1769336721404
"18215068","GP_CTRL_Tyr_1Hz","GP","CTRL","Tyr","1Hz","SD1_SD2 Ratio",32.417830235366
"18d03012","GP_CTRL_Tyr_1Hz","GP","CTRL","Tyr","1Hz","SD1_SD2 Ratio",32.0250942189004
"18d03016","GP_CTRL_Tyr_1Hz","GP","CTRL","Tyr","1Hz","SD1_SD2 Ratio",10.4190326191206
"18d03020","GP_CTRL_Tyr_1Hz","GP","CTRL","Tyr","1Hz","SD1_SD2 Ratio",24.8025097203266
"18d12021","GP_CTRL_Tyr_1Hz","GP","CTRL","Tyr","1Hz","SD1_SD2 Ratio",40.7085936870365
"18d12025","GP_CTRL_Tyr_1Hz","GP","CTRL","Tyr","1Hz","SD1_SD2 Ratio",25.641924691313
"18d12053","GP_CTRL_Tyr_1Hz","GP","CTRL","Tyr","1Hz","SD1_SD2 Ratio",21.1883926713442
"19307005","GP_CTRL_Tyr_1Hz","GP","CTRL","Tyr","1Hz","SD1_SD2 Ratio",7.93127583808572
"19307006","GP_CTRL_Tyr_1Hz","GP","CTRL","Tyr","1Hz","SD1_SD2 Ratio",32.8957594384534
"19307010","GP_CTRL_Tyr_1Hz","GP","CTRL","Tyr","1Hz","SD1_SD2 Ratio",32.5320451961506
"19314012","GP_CTRL_Tyr_1Hz","GP","CTRL","Tyr","1Hz","SD1_SD2 Ratio",10.8710322315384
"17421005","GP_CTRL_Tyr_2Hz","GP","CTRL","Tyr","2Hz","SD1_SD2 Ratio",30.0751160979865
"17421042","GP_CTRL_Tyr_2Hz","GP","CTRL","Tyr","2Hz","SD1_SD2 Ratio",4.60833431326903
"17502012","GP_CTRL_Tyr_2Hz","GP","CTRL","Tyr","2Hz","SD1_SD2 Ratio",23.4766469783523
"17n30005","GP_CTRL_Tyr_2Hz","GP","CTRL","Tyr","2Hz","SD1_SD2 Ratio",23.2140341608314
"17n30009","GP_CTRL_Tyr_2Hz","GP","CTRL","Tyr","2Hz","SD1_SD2 Ratio",10.9025484319463
"17n30014","GP_CTRL_Tyr_2Hz","GP","CTRL","Tyr","2Hz","SD1_SD2 Ratio",24.5945609113404
"18215007","GP_CTRL_Tyr_2Hz","GP","CTRL","Tyr","2Hz","SD1_SD2 Ratio",22.9519906024485
"18215023","GP_CTRL_Tyr_2Hz","GP","CTRL","Tyr","2Hz","SD1_SD2 Ratio",22.3578392235988
"18215030","GP_CTRL_Tyr_2Hz","GP","CTRL","Tyr","2Hz","SD1_SD2 Ratio",35.0512766740046
"18215034","GP_CTRL_Tyr_2Hz","GP","CTRL","Tyr","2Hz","SD1_SD2 Ratio",30.6733750237688
"18215050","GP_CTRL_Tyr_2Hz","GP","CTRL","Tyr","2Hz","SD1_SD2 Ratio",37.2929626234328
"18215065","GP_CTRL_Tyr_2Hz","GP","CTRL","Tyr","2Hz","SD1_SD2 Ratio",21.2171544885738
"18215069","GP_CTRL_Tyr_2Hz","GP","CTRL","Tyr","2Hz","SD1_SD2 Ratio",32.3360125831865
"18d03013","GP_CTRL_Tyr_2Hz","GP","CTRL","Tyr","2Hz","SD1_SD2 Ratio",26.0101589863594
"18d03017","GP_CTRL_Tyr_2Hz","GP","CTRL","Tyr","2Hz","SD1_SD2 Ratio",35.3170549888787
"18d03021","GP_CTRL_Tyr_2Hz","GP","CTRL","Tyr","2Hz","SD1_SD2 Ratio",30.2463822389444
"18d12022","GP_CTRL_Tyr_2Hz","GP","CTRL","Tyr","2Hz","SD1_SD2 Ratio",28.6700052561999
"18d12026","GP_CTRL_Tyr_2Hz","GP","CTRL","Tyr","2Hz","SD1_SD2 Ratio",25.858839016479
"18d12054","GP_CTRL_Tyr_2Hz","GP","CTRL","Tyr","2Hz","SD1_SD2 Ratio",22.7105842557167
"19307007_2","GP_CTRL_Tyr_2Hz","GP","CTRL","Tyr","2Hz","SD1_SD2 Ratio",16.3252575815373
"19307007","GP_CTRL_Tyr_2Hz","GP","CTRL","Tyr","2Hz","SD1_SD2 Ratio",35.8426512421793
"19307011","GP_CTRL_Tyr_2Hz","GP","CTRL","Tyr","2Hz","SD1_SD2 Ratio",13.6337012969482
"19314013","GP_CTRL_Tyr_2Hz","GP","CTRL","Tyr","2Hz","SD1_SD2 Ratio",18.9638074345616
"17421007","GP_CTRL_Tyr_4Hz","GP","CTRL","Tyr","4Hz","SD1_SD2 Ratio",11.1881647362676
"17421043","GP_CTRL_Tyr_4Hz","GP","CTRL","Tyr","4Hz","SD1_SD2 Ratio",10.4756560175785
"17502013","GP_CTRL_Tyr_4Hz","GP","CTRL","Tyr","4Hz","SD1_SD2 Ratio",15.1599679899599
"17n30006","GP_CTRL_Tyr_4Hz","GP","CTRL","Tyr","4Hz","SD1_SD2 Ratio",9.76043497593307
"17n30010","GP_CTRL_Tyr_4Hz","GP","CTRL","Tyr","4Hz","SD1_SD2 Ratio",21.9840023360112
"17n30015","GP_CTRL_Tyr_4Hz","GP","CTRL","Tyr","4Hz","SD1_SD2 Ratio",27.5643487248712
"18215008","GP_CTRL_Tyr_4Hz","GP","CTRL","Tyr","4Hz","SD1_SD2 Ratio",19.5632876128278
"18215024","GP_CTRL_Tyr_4Hz","GP","CTRL","Tyr","4Hz","SD1_SD2 Ratio",5.88040690883658
"18215031","GP_CTRL_Tyr_4Hz","GP","CTRL","Tyr","4Hz","SD1_SD2 Ratio",30.616191517405
"18215035","GP_CTRL_Tyr_4Hz","GP","CTRL","Tyr","4Hz","SD1_SD2 Ratio",22.859534903068
"18215051","GP_CTRL_Tyr_4Hz","GP","CTRL","Tyr","4Hz","SD1_SD2 Ratio",30.7683681135434
"18215066","GP_CTRL_Tyr_4Hz","GP","CTRL","Tyr","4Hz","SD1_SD2 Ratio",18.4114595856119
"18215070","GP_CTRL_Tyr_4Hz","GP","CTRL","Tyr","4Hz","SD1_SD2 Ratio",45.3000675435595
"18d03014","GP_CTRL_Tyr_4Hz","GP","CTRL","Tyr","4Hz","SD1_SD2 Ratio",3.03045763365663
"18d03018","GP_CTRL_Tyr_4Hz","GP","CTRL","Tyr","4Hz","SD1_SD2 Ratio",31.1257842875241
"18d03022","GP_CTRL_Tyr_4Hz","GP","CTRL","Tyr","4Hz","SD1_SD2 Ratio",16.881072724396
"18d12023","GP_CTRL_Tyr_4Hz","GP","CTRL","Tyr","4Hz","SD1_SD2 Ratio",17.8995009517148
"18d12027","GP_CTRL_Tyr_4Hz","GP","CTRL","Tyr","4Hz","SD1_SD2 Ratio",37.9282495554893
"18d12055","GP_CTRL_Tyr_4Hz","GP","CTRL","Tyr","4Hz","SD1_SD2 Ratio",17.5924348646219
"19307008 2","GP_CTRL_Tyr_4Hz","GP","CTRL","Tyr","4Hz","SD1_SD2 Ratio",16.641975542641
"19307008","GP_CTRL_Tyr_4Hz","GP","CTRL","Tyr","4Hz","SD1_SD2 Ratio",27.765119238211
"19307012","GP_CTRL_Tyr_4Hz","GP","CTRL","Tyr","4Hz","SD1_SD2 Ratio",29.741046167352
"19314014","GP_CTRL_Tyr_4Hz","GP","CTRL","Tyr","4Hz","SD1_SD2 Ratio",12.000169826706
"17421003","GP_CTRL_Tyr_0.5Hz","GP","CTRL","Tyr","0.5Hz","APD 10 (ms)",28.52
"17421040","GP_CTRL_Tyr_0.5Hz","GP","CTRL","Tyr","0.5Hz","APD 10 (ms)",21.24
"17502010","GP_CTRL_Tyr_0.5Hz","GP","CTRL","Tyr","0.5Hz","APD 10 (ms)",17.8
"17n30003","GP_CTRL_Tyr_0.5Hz","GP","CTRL","Tyr","0.5Hz","APD 10 (ms)",398.836
"17n30007","GP_CTRL_Tyr_0.5Hz","GP","CTRL","Tyr","0.5Hz","APD 10 (ms)",12.996
"17n30012","GP_CTRL_Tyr_0.5Hz","GP","CTRL","Tyr","0.5Hz","APD 10 (ms)",13.424
"18215005","GP_CTRL_Tyr_0.5Hz","GP","CTRL","Tyr","0.5Hz","APD 10 (ms)",34.16
"18215021","GP_CTRL_Tyr_0.5Hz","GP","CTRL","Tyr","0.5Hz","APD 10 (ms)",10
"18215028","GP_CTRL_Tyr_0.5Hz","GP","CTRL","Tyr","0.5Hz","APD 10 (ms)",32.52
"18215032","GP_CTRL_Tyr_0.5Hz","GP","CTRL","Tyr","0.5Hz","APD 10 (ms)",75.72
"18215048","GP_CTRL_Tyr_0.5Hz","GP","CTRL","Tyr","0.5Hz","APD 10 (ms)",21.16
"18215062","GP_CTRL_Tyr_0.5Hz","GP","CTRL","Tyr","0.5Hz","APD 10 (ms)",17
"18215067","GP_CTRL_Tyr_0.5Hz","GP","CTRL","Tyr","0.5Hz","APD 10 (ms)",47.84
"18d03011","GP_CTRL_Tyr_0.5Hz","GP","CTRL","Tyr","0.5Hz","APD 10 (ms)",26.52
"18d03015","GP_CTRL_Tyr_0.5Hz","GP","CTRL","Tyr","0.5Hz","APD 10 (ms)",19.76
"18d03019","GP_CTRL_Tyr_0.5Hz","GP","CTRL","Tyr","0.5Hz","APD 10 (ms)",27.12
"18d12020","GP_CTRL_Tyr_0.5Hz","GP","CTRL","Tyr","0.5Hz","APD 10 (ms)",22.44
"18d12024","GP_CTRL_Tyr_0.5Hz","GP","CTRL","Tyr","0.5Hz","APD 10 (ms)",15.08
"18d12052","GP_CTRL_Tyr_0.5Hz","GP","CTRL","Tyr","0.5Hz","APD 10 (ms)",29.44
"19307004","GP_CTRL_Tyr_0.5Hz","GP","CTRL","Tyr","0.5Hz","APD 10 (ms)",20.96
"19307005","GP_CTRL_Tyr_0.5Hz","GP","CTRL","Tyr","0.5Hz","APD 10 (ms)",18.04
"19307009","GP_CTRL_Tyr_0.5Hz","GP","CTRL","Tyr","0.5Hz","APD 10 (ms)",25.92
"19314011","GP_CTRL_Tyr_0.5Hz","GP","CTRL","Tyr","0.5Hz","APD 10 (ms)",69.4
"17421004","GP_CTRL_Tyr_1Hz","GP","CTRL","Tyr","1Hz","APD 10 (ms)",19.08
"17421041","GP_CTRL_Tyr_1Hz","GP","CTRL","Tyr","1Hz","APD 10 (ms)",15.28
"17502011","GP_CTRL_Tyr_1Hz","GP","CTRL","Tyr","1Hz","APD 10 (ms)",14.92
"17n30004","GP_CTRL_Tyr_1Hz","GP","CTRL","Tyr","1Hz","APD 10 (ms)",11.576
"17n30008","GP_CTRL_Tyr_1Hz","GP","CTRL","Tyr","1Hz","APD 10 (ms)",8.092
"17n30013","GP_CTRL_Tyr_1Hz","GP","CTRL","Tyr","1Hz","APD 10 (ms)",13.744
"18215006","GP_CTRL_Tyr_1Hz","GP","CTRL","Tyr","1Hz","APD 10 (ms)",22.08
"18215022","GP_CTRL_Tyr_1Hz","GP","CTRL","Tyr","1Hz","APD 10 (ms)",13.16
"18215029","GP_CTRL_Tyr_1Hz","GP","CTRL","Tyr","1Hz","APD 10 (ms)",25.52
"18215033","GP_CTRL_Tyr_1Hz","GP","CTRL","Tyr","1Hz","APD 10 (ms)",56.56
"18215049","GP_CTRL_Tyr_1Hz","GP","CTRL","Tyr","1Hz","APD 10 (ms)",14.84
"18215063","GP_CTRL_Tyr_1Hz","GP","CTRL","Tyr","1Hz","APD 10 (ms)",21.84
"18215068","GP_CTRL_Tyr_1Hz","GP","CTRL","Tyr","1Hz","APD 10 (ms)",36.68
"18d03012","GP_CTRL_Tyr_1Hz","GP","CTRL","Tyr","1Hz","APD 10 (ms)",19.08
"18d03016","GP_CTRL_Tyr_1Hz","GP","CTRL","Tyr","1Hz","APD 10 (ms)",16.28
"18d03020","GP_CTRL_Tyr_1Hz","GP","CTRL","Tyr","1Hz","APD 10 (ms)",20.52
"18d12021","GP_CTRL_Tyr_1Hz","GP","CTRL","Tyr","1Hz","APD 10 (ms)",19.12
"18d12025","GP_CTRL_Tyr_1Hz","GP","CTRL","Tyr","1Hz","APD 10 (ms)",9.84
"18d12053","GP_CTRL_Tyr_1Hz","GP","CTRL","Tyr","1Hz","APD 10 (ms)",24.56
"19307005","GP_CTRL_Tyr_1Hz","GP","CTRL","Tyr","1Hz","APD 10 (ms)",32.64
"19307006","GP_CTRL_Tyr_1Hz","GP","CTRL","Tyr","1Hz","APD 10 (ms)",17.32
"19307010","GP_CTRL_Tyr_1Hz","GP","CTRL","Tyr","1Hz","APD 10 (ms)",21.24
"19314012","GP_CTRL_Tyr_1Hz","GP","CTRL","Tyr","1Hz","APD 10 (ms)",41.56
"17421005","GP_CTRL_Tyr_2Hz","GP","CTRL","Tyr","2Hz","APD 10 (ms)",16.32
"17421042","GP_CTRL_Tyr_2Hz","GP","CTRL","Tyr","2Hz","APD 10 (ms)",11.24
"17502012","GP_CTRL_Tyr_2Hz","GP","CTRL","Tyr","2Hz","APD 10 (ms)",13.04
"17n30005","GP_CTRL_Tyr_2Hz","GP","CTRL","Tyr","2Hz","APD 10 (ms)",8.336
"17n30009","GP_CTRL_Tyr_2Hz","GP","CTRL","Tyr","2Hz","APD 10 (ms)",0.155999999999999
"17n30014","GP_CTRL_Tyr_2Hz","GP","CTRL","Tyr","2Hz","APD 10 (ms)",10.388
"18215007","GP_CTRL_Tyr_2Hz","GP","CTRL","Tyr","2Hz","APD 10 (ms)",18.16
"18215023","GP_CTRL_Tyr_2Hz","GP","CTRL","Tyr","2Hz","APD 10 (ms)",12.4
"18215030","GP_CTRL_Tyr_2Hz","GP","CTRL","Tyr","2Hz","APD 10 (ms)",19.88
"18215034","GP_CTRL_Tyr_2Hz","GP","CTRL","Tyr","2Hz","APD 10 (ms)",30.8
"18215050","GP_CTRL_Tyr_2Hz","GP","CTRL","Tyr","2Hz","APD 10 (ms)",13
"18215065","GP_CTRL_Tyr_2Hz","GP","CTRL","Tyr","2Hz","APD 10 (ms)",18.92
"18215069","GP_CTRL_Tyr_2Hz","GP","CTRL","Tyr","2Hz","APD 10 (ms)",27
"18d03013","GP_CTRL_Tyr_2Hz","GP","CTRL","Tyr","2Hz","APD 10 (ms)",12.52
"18d03017","GP_CTRL_Tyr_2Hz","GP","CTRL","Tyr","2Hz","APD 10 (ms)",9.48
"18d03021","GP_CTRL_Tyr_2Hz","GP","CTRL","Tyr","2Hz","APD 10 (ms)",20.2
"18d12022","GP_CTRL_Tyr_2Hz","GP","CTRL","Tyr","2Hz","APD 10 (ms)",15.04
"18d12026","GP_CTRL_Tyr_2Hz","GP","CTRL","Tyr","2Hz","APD 10 (ms)",10.16
"18d12054","GP_CTRL_Tyr_2Hz","GP","CTRL","Tyr","2Hz","APD 10 (ms)",22.28
"19307007_2","GP_CTRL_Tyr_2Hz","GP","CTRL","Tyr","2Hz","APD 10 (ms)",15.52
"19307007","GP_CTRL_Tyr_2Hz","GP","CTRL","Tyr","2Hz","APD 10 (ms)",18.36
"19307011","GP_CTRL_Tyr_2Hz","GP","CTRL","Tyr","2Hz","APD 10 (ms)",24.48
"19314013","GP_CTRL_Tyr_2Hz","GP","CTRL","Tyr","2Hz","APD 10 (ms)",21.44
"17421007","GP_CTRL_Tyr_4Hz","GP","CTRL","Tyr","4Hz","APD 10 (ms)",15.32
"17421043","GP_CTRL_Tyr_4Hz","GP","CTRL","Tyr","4Hz","APD 10 (ms)",7.4
"17502013","GP_CTRL_Tyr_4Hz","GP","CTRL","Tyr","4Hz","APD 10 (ms)",8.92
"17n30006","GP_CTRL_Tyr_4Hz","GP","CTRL","Tyr","4Hz","APD 10 (ms)",2.58
"17n30010","GP_CTRL_Tyr_4Hz","GP","CTRL","Tyr","4Hz","APD 10 (ms)",4.408
"17n30015","GP_CTRL_Tyr_4Hz","GP","CTRL","Tyr","4Hz","APD 10 (ms)",7.38
"18215008","GP_CTRL_Tyr_4Hz","GP","CTRL","Tyr","4Hz","APD 10 (ms)",15.08
"18215024","GP_CTRL_Tyr_4Hz","GP","CTRL","Tyr","4Hz","APD 10 (ms)",3.68
"18215031","GP_CTRL_Tyr_4Hz","GP","CTRL","Tyr","4Hz","APD 10 (ms)",17.28
"18215035","GP_CTRL_Tyr_4Hz","GP","CTRL","Tyr","4Hz","APD 10 (ms)",24.68
"18215051","GP_CTRL_Tyr_4Hz","GP","CTRL","Tyr","4Hz","APD 10 (ms)",11.36
"18215066","GP_CTRL_Tyr_4Hz","GP","CTRL","Tyr","4Hz","APD 10 (ms)",11.76
"18215070","GP_CTRL_Tyr_4Hz","GP","CTRL","Tyr","4Hz","APD 10 (ms)",19.28
"18d03014","GP_CTRL_Tyr_4Hz","GP","CTRL","Tyr","4Hz","APD 10 (ms)",0
"18d03018","GP_CTRL_Tyr_4Hz","GP","CTRL","Tyr","4Hz","APD 10 (ms)",7.16
"18d03022","GP_CTRL_Tyr_4Hz","GP","CTRL","Tyr","4Hz","APD 10 (ms)",10.2
"18d12023","GP_CTRL_Tyr_4Hz","GP","CTRL","Tyr","4Hz","APD 10 (ms)",16.68
"18d12027","GP_CTRL_Tyr_4Hz","GP","CTRL","Tyr","4Hz","APD 10 (ms)",8.68
"18d12055","GP_CTRL_Tyr_4Hz","GP","CTRL","Tyr","4Hz","APD 10 (ms)",18.52
"19307008 2","GP_CTRL_Tyr_4Hz","GP","CTRL","Tyr","4Hz","APD 10 (ms)",8.2
"19307008","GP_CTRL_Tyr_4Hz","GP","CTRL","Tyr","4Hz","APD 10 (ms)",11.88
"19307012","GP_CTRL_Tyr_4Hz","GP","CTRL","Tyr","4Hz","APD 10 (ms)",16.64
"19314014","GP_CTRL_Tyr_4Hz","GP","CTRL","Tyr","4Hz","APD 10 (ms)",3.52
"17421003","GP_CTRL_Tyr_0.5Hz","GP","CTRL","Tyr","0.5Hz","APD 20 (ms)",96.44
"17421040","GP_CTRL_Tyr_0.5Hz","GP","CTRL","Tyr","0.5Hz","APD 20 (ms)",56.24
"17502010","GP_CTRL_Tyr_0.5Hz","GP","CTRL","Tyr","0.5Hz","APD 20 (ms)",64.4
"17n30003","GP_CTRL_Tyr_0.5Hz","GP","CTRL","Tyr","0.5Hz","APD 20 (ms)",398.904
"17n30007","GP_CTRL_Tyr_0.5Hz","GP","CTRL","Tyr","0.5Hz","APD 20 (ms)",51.036
"17n30012","GP_CTRL_Tyr_0.5Hz","GP","CTRL","Tyr","0.5Hz","APD 20 (ms)",62.668
"18215005","GP_CTRL_Tyr_0.5Hz","GP","CTRL","Tyr","0.5Hz","APD 20 (ms)",110.24
"18215021","GP_CTRL_Tyr_0.5Hz","GP","CTRL","Tyr","0.5Hz","APD 20 (ms)",29.08
"18215028","GP_CTRL_Tyr_0.5Hz","GP","CTRL","Tyr","0.5Hz","APD 20 (ms)",119.44
"18215032","GP_CTRL_Tyr_0.5Hz","GP","CTRL","Tyr","0.5Hz","APD 20 (ms)",226.24
"18215048","GP_CTRL_Tyr_0.5Hz","GP","CTRL","Tyr","0.5Hz","APD 20 (ms)",82
"18215062","GP_CTRL_Tyr_0.5Hz","GP","CTRL","Tyr","0.5Hz","APD 20 (ms)",52.52
"18215067","GP_CTRL_Tyr_0.5Hz","GP","CTRL","Tyr","0.5Hz","APD 20 (ms)",153.24
"18d03011","GP_CTRL_Tyr_0.5Hz","GP","CTRL","Tyr","0.5Hz","APD 20 (ms)",79.88
"18d03015","GP_CTRL_Tyr_0.5Hz","GP","CTRL","Tyr","0.5Hz","APD 20 (ms)",75.88
"18d03019","GP_CTRL_Tyr_0.5Hz","GP","CTRL","Tyr","0.5Hz","APD 20 (ms)",91.8
"18d12020","GP_CTRL_Tyr_0.5Hz","GP","CTRL","Tyr","0.5Hz","APD 20 (ms)",73.16
"18d12024","GP_CTRL_Tyr_0.5Hz","GP","CTRL","Tyr","0.5Hz","APD 20 (ms)",50.92
"18d12052","GP_CTRL_Tyr_0.5Hz","GP","CTRL","Tyr","0.5Hz","APD 20 (ms)",94.64
"19307004","GP_CTRL_Tyr_0.5Hz","GP","CTRL","Tyr","0.5Hz","APD 20 (ms)",67.96
"19307005","GP_CTRL_Tyr_0.5Hz","GP","CTRL","Tyr","0.5Hz","APD 20 (ms)",53.24
"19307009","GP_CTRL_Tyr_0.5Hz","GP","CTRL","Tyr","0.5Hz","APD 20 (ms)",70.28
"19314011","GP_CTRL_Tyr_0.5Hz","GP","CTRL","Tyr","0.5Hz","APD 20 (ms)",209.68
"17421004","GP_CTRL_Tyr_1Hz","GP","CTRL","Tyr","1Hz","APD 20 (ms)",70.6
"17421041","GP_CTRL_Tyr_1Hz","GP","CTRL","Tyr","1Hz","APD 20 (ms)",38.6
"17502011","GP_CTRL_Tyr_1Hz","GP","CTRL","Tyr","1Hz","APD 20 (ms)",48
"17n30004","GP_CTRL_Tyr_1Hz","GP","CTRL","Tyr","1Hz","APD 20 (ms)",37.524
"17n30008","GP_CTRL_Tyr_1Hz","GP","CTRL","Tyr","1Hz","APD 20 (ms)",30.648
"17n30013","GP_CTRL_Tyr_1Hz","GP","CTRL","Tyr","1Hz","APD 20 (ms)",56.268
"18215006","GP_CTRL_Tyr_1Hz","GP","CTRL","Tyr","1Hz","APD 20 (ms)",74.52
"18215022","GP_CTRL_Tyr_1Hz","GP","CTRL","Tyr","1Hz","APD 20 (ms)",42.92
"18215029","GP_CTRL_Tyr_1Hz","GP","CTRL","Tyr","1Hz","APD 20 (ms)",91.4
"18215033","GP_CTRL_Tyr_1Hz","GP","CTRL","Tyr","1Hz","APD 20 (ms)",189.48
"18215049","GP_CTRL_Tyr_1Hz","GP","CTRL","Tyr","1Hz","APD 20 (ms)",46.88
"18215063","GP_CTRL_Tyr_1Hz","GP","CTRL","Tyr","1Hz","APD 20 (ms)",64.96
"18215068","GP_CTRL_Tyr_1Hz","GP","CTRL","Tyr","1Hz","APD 20 (ms)",119.6
"18d03012","GP_CTRL_Tyr_1Hz","GP","CTRL","Tyr","1Hz","APD 20 (ms)",55.08
"18d03016","GP_CTRL_Tyr_1Hz","GP","CTRL","Tyr","1Hz","APD 20 (ms)",63
"18d03020","GP_CTRL_Tyr_1Hz","GP","CTRL","Tyr","1Hz","APD 20 (ms)",65.28
"18d12021","GP_CTRL_Tyr_1Hz","GP","CTRL","Tyr","1Hz","APD 20 (ms)",64.48
"18d12025","GP_CTRL_Tyr_1Hz","GP","CTRL","Tyr","1Hz","APD 20 (ms)",28.24
"18d12053","GP_CTRL_Tyr_1Hz","GP","CTRL","Tyr","1Hz","APD 20 (ms)",78.64
"19307005","GP_CTRL_Tyr_1Hz","GP","CTRL","Tyr","1Hz","APD 20 (ms)",98.28
"19307006","GP_CTRL_Tyr_1Hz","GP","CTRL","Tyr","1Hz","APD 20 (ms)",49.8
"19307010","GP_CTRL_Tyr_1Hz","GP","CTRL","Tyr","1Hz","APD 20 (ms)",54
"19314012","GP_CTRL_Tyr_1Hz","GP","CTRL","Tyr","1Hz","APD 20 (ms)",131.32
"17421005","GP_CTRL_Tyr_2Hz","GP","CTRL","Tyr","2Hz","APD 20 (ms)",63.72
"17421042","GP_CTRL_Tyr_2Hz","GP","CTRL","Tyr","2Hz","APD 20 (ms)",26.76
"17502012","GP_CTRL_Tyr_2Hz","GP","CTRL","Tyr","2Hz","APD 20 (ms)",39.12
"17n30005","GP_CTRL_Tyr_2Hz","GP","CTRL","Tyr","2Hz","APD 20 (ms)",32.716
"17n30009","GP_CTRL_Tyr_2Hz","GP","CTRL","Tyr","2Hz","APD 20 (ms)",0.191999999999998
"17n30014","GP_CTRL_Tyr_2Hz","GP","CTRL","Tyr","2Hz","APD 20 (ms)",44.316
"18215007","GP_CTRL_Tyr_2Hz","GP","CTRL","Tyr","2Hz","APD 20 (ms)",56.88
"18215023","GP_CTRL_Tyr_2Hz","GP","CTRL","Tyr","2Hz","APD 20 (ms)",39
"18215030","GP_CTRL_Tyr_2Hz","GP","CTRL","Tyr","2Hz","APD 20 (ms)",60.72
"18215034","GP_CTRL_Tyr_2Hz","GP","CTRL","Tyr","2Hz","APD 20 (ms)",97.76
"18215050","GP_CTRL_Tyr_2Hz","GP","CTRL","Tyr","2Hz","APD 20 (ms)",36.16
"18215065","GP_CTRL_Tyr_2Hz","GP","CTRL","Tyr","2Hz","APD 20 (ms)",50.16
"18215069","GP_CTRL_Tyr_2Hz","GP","CTRL","Tyr","2Hz","APD 20 (ms)",81.2
"18d03013","GP_CTRL_Tyr_2Hz","GP","CTRL","Tyr","2Hz","APD 20 (ms)",31.84
"18d03017","GP_CTRL_Tyr_2Hz","GP","CTRL","Tyr","2Hz","APD 20 (ms)",27.08
"18d03021","GP_CTRL_Tyr_2Hz","GP","CTRL","Tyr","2Hz","APD 20 (ms)",57.72
"18d12022","GP_CTRL_Tyr_2Hz","GP","CTRL","Tyr","2Hz","APD 20 (ms)",42.6
"18d12026","GP_CTRL_Tyr_2Hz","GP","CTRL","Tyr","2Hz","APD 20 (ms)",27.56
"18d12054","GP_CTRL_Tyr_2Hz","GP","CTRL","Tyr","2Hz","APD 20 (ms)",59.64
"19307007_2","GP_CTRL_Tyr_2Hz","GP","CTRL","Tyr","2Hz","APD 20 (ms)",40.48
"19307007","GP_CTRL_Tyr_2Hz","GP","CTRL","Tyr","2Hz","APD 20 (ms)",49.68
"19307011","GP_CTRL_Tyr_2Hz","GP","CTRL","Tyr","2Hz","APD 20 (ms)",61.92
"19314013","GP_CTRL_Tyr_2Hz","GP","CTRL","Tyr","2Hz","APD 20 (ms)",58.12
"17421007","GP_CTRL_Tyr_4Hz","GP","CTRL","Tyr","4Hz","APD 20 (ms)",42.24
"17421043","GP_CTRL_Tyr_4Hz","GP","CTRL","Tyr","4Hz","APD 20 (ms)",15.44
"17502013","GP_CTRL_Tyr_4Hz","GP","CTRL","Tyr","4Hz","APD 20 (ms)",23.36
"17n30006","GP_CTRL_Tyr_4Hz","GP","CTRL","Tyr","4Hz","APD 20 (ms)",8.088
"17n30010","GP_CTRL_Tyr_4Hz","GP","CTRL","Tyr","4Hz","APD 20 (ms)",11.104
"17n30015","GP_CTRL_Tyr_4Hz","GP","CTRL","Tyr","4Hz","APD 20 (ms)",29.12
"18215008","GP_CTRL_Tyr_4Hz","GP","CTRL","Tyr","4Hz","APD 20 (ms)",35.16
"18215024","GP_CTRL_Tyr_4Hz","GP","CTRL","Tyr","4Hz","APD 20 (ms)",11.92
"18215031","GP_CTRL_Tyr_4Hz","GP","CTRL","Tyr","4Hz","APD 20 (ms)",39.08
"18215035","GP_CTRL_Tyr_4Hz","GP","CTRL","Tyr","4Hz","APD 20 (ms)",57.8
"18215051","GP_CTRL_Tyr_4Hz","GP","CTRL","Tyr","4Hz","APD 20 (ms)",26.92
"18215066","GP_CTRL_Tyr_4Hz","GP","CTRL","Tyr","4Hz","APD 20 (ms)",25.12
"18215070","GP_CTRL_Tyr_4Hz","GP","CTRL","Tyr","4Hz","APD 20 (ms)",42.96
"18d03014","GP_CTRL_Tyr_4Hz","GP","CTRL","Tyr","4Hz","APD 20 (ms)",0
"18d03018","GP_CTRL_Tyr_4Hz","GP","CTRL","Tyr","4Hz","APD 20 (ms)",18.4
"18d03022","GP_CTRL_Tyr_4Hz","GP","CTRL","Tyr","4Hz","APD 20 (ms)",23.88
"18d12023","GP_CTRL_Tyr_4Hz","GP","CTRL","Tyr","4Hz","APD 20 (ms)",41.6
"18d12027","GP_CTRL_Tyr_4Hz","GP","CTRL","Tyr","4Hz","APD 20 (ms)",22.12
"18d12055","GP_CTRL_Tyr_4Hz","GP","CTRL","Tyr","4Hz","APD 20 (ms)",38.36
"19307008 2","GP_CTRL_Tyr_4Hz","GP","CTRL","Tyr","4Hz","APD 20 (ms)",23.6
"19307008","GP_CTRL_Tyr_4Hz","GP","CTRL","Tyr","4Hz","APD 20 (ms)",30.96
"19307012","GP_CTRL_Tyr_4Hz","GP","CTRL","Tyr","4Hz","APD 20 (ms)",36.64
"19314014","GP_CTRL_Tyr_4Hz","GP","CTRL","Tyr","4Hz","APD 20 (ms)",7.68
"17421003","GP_CTRL_Tyr_0.5Hz","GP","CTRL","Tyr","0.5Hz","APD 50 (ms)",183.08
"17421040","GP_CTRL_Tyr_0.5Hz","GP","CTRL","Tyr","0.5Hz","APD 50 (ms)",93.12
"17502010","GP_CTRL_Tyr_0.5Hz","GP","CTRL","Tyr","0.5Hz","APD 50 (ms)",122.56
"17n30003","GP_CTRL_Tyr_0.5Hz","GP","CTRL","Tyr","0.5Hz","APD 50 (ms)",0.144
"17n30007","GP_CTRL_Tyr_0.5Hz","GP","CTRL","Tyr","0.5Hz","APD 50 (ms)",249.264
"17n30012","GP_CTRL_Tyr_0.5Hz","GP","CTRL","Tyr","0.5Hz","APD 50 (ms)",204.188
"18215005","GP_CTRL_Tyr_0.5Hz","GP","CTRL","Tyr","0.5Hz","APD 50 (ms)",198.2
"18215021","GP_CTRL_Tyr_0.5Hz","GP","CTRL","Tyr","0.5Hz","APD 50 (ms)",76.84
"18215028","GP_CTRL_Tyr_0.5Hz","GP","CTRL","Tyr","0.5Hz","APD 50 (ms)",222.48
"18215032","GP_CTRL_Tyr_0.5Hz","GP","CTRL","Tyr","0.5Hz","APD 50 (ms)",350.68
"18215048","GP_CTRL_Tyr_0.5Hz","GP","CTRL","Tyr","0.5Hz","APD 50 (ms)",168.68
"18215062","GP_CTRL_Tyr_0.5Hz","GP","CTRL","Tyr","0.5Hz","APD 50 (ms)",109.88
"18215067","GP_CTRL_Tyr_0.5Hz","GP","CTRL","Tyr","0.5Hz","APD 50 (ms)",257.32
"18d03011","GP_CTRL_Tyr_0.5Hz","GP","CTRL","Tyr","0.5Hz","APD 50 (ms)",148.64
"18d03015","GP_CTRL_Tyr_0.5Hz","GP","CTRL","Tyr","0.5Hz","APD 50 (ms)",160.12
"18d03019","GP_CTRL_Tyr_0.5Hz","GP","CTRL","Tyr","0.5Hz","APD 50 (ms)",182.88
"18d12020","GP_CTRL_Tyr_0.5Hz","GP","CTRL","Tyr","0.5Hz","APD 50 (ms)",142.64
"18d12024","GP_CTRL_Tyr_0.5Hz","GP","CTRL","Tyr","0.5Hz","APD 50 (ms)",119.24
"18d12052","GP_CTRL_Tyr_0.5Hz","GP","CTRL","Tyr","0.5Hz","APD 50 (ms)",184.08
"19307004","GP_CTRL_Tyr_0.5Hz","GP","CTRL","Tyr","0.5Hz","APD 50 (ms)",159.68
"19307005","GP_CTRL_Tyr_0.5Hz","GP","CTRL","Tyr","0.5Hz","APD 50 (ms)",146.24
"19307009","GP_CTRL_Tyr_0.5Hz","GP","CTRL","Tyr","0.5Hz","APD 50 (ms)",144.88
"19314011","GP_CTRL_Tyr_0.5Hz","GP","CTRL","Tyr","0.5Hz","APD 50 (ms)",345.28
"17421004","GP_CTRL_Tyr_1Hz","GP","CTRL","Tyr","1Hz","APD 50 (ms)",162.92
"17421041","GP_CTRL_Tyr_1Hz","GP","CTRL","Tyr","1Hz","APD 50 (ms)",67.24
"17502011","GP_CTRL_Tyr_1Hz","GP","CTRL","Tyr","1Hz","APD 50 (ms)",96.96
"17n30004","GP_CTRL_Tyr_1Hz","GP","CTRL","Tyr","1Hz","APD 50 (ms)",145.2
"17n30008","GP_CTRL_Tyr_1Hz","GP","CTRL","Tyr","1Hz","APD 50 (ms)",151.02
"17n30013","GP_CTRL_Tyr_1Hz","GP","CTRL","Tyr","1Hz","APD 50 (ms)",184.484
"18215006","GP_CTRL_Tyr_1Hz","GP","CTRL","Tyr","1Hz","APD 50 (ms)",153.04
"18215022","GP_CTRL_Tyr_1Hz","GP","CTRL","Tyr","1Hz","APD 50 (ms)",98.92
"18215029","GP_CTRL_Tyr_1Hz","GP","CTRL","Tyr","1Hz","APD 50 (ms)",191.16
"18215033","GP_CTRL_Tyr_1Hz","GP","CTRL","Tyr","1Hz","APD 50 (ms)",316.4
"18215049","GP_CTRL_Tyr_1Hz","GP","CTRL","Tyr","1Hz","APD 50 (ms)",117
"18215063","GP_CTRL_Tyr_1Hz","GP","CTRL","Tyr","1Hz","APD 50 (ms)",124.12
"18215068","GP_CTRL_Tyr_1Hz","GP","CTRL","Tyr","1Hz","APD 50 (ms)",211.68
"18d03012","GP_CTRL_Tyr_1Hz","GP","CTRL","Tyr","1Hz","APD 50 (ms)",116.08
"18d03016","GP_CTRL_Tyr_1Hz","GP","CTRL","Tyr","1Hz","APD 50 (ms)",140.08
"18d03020","GP_CTRL_Tyr_1Hz","GP","CTRL","Tyr","1Hz","APD 50 (ms)",157
"18d12021","GP_CTRL_Tyr_1Hz","GP","CTRL","Tyr","1Hz","APD 50 (ms)",136.08
"18d12025","GP_CTRL_Tyr_1Hz","GP","CTRL","Tyr","1Hz","APD 50 (ms)",91.24
"18d12053","GP_CTRL_Tyr_1Hz","GP","CTRL","Tyr","1Hz","APD 50 (ms)",168.6
"19307005","GP_CTRL_Tyr_1Hz","GP","CTRL","Tyr","1Hz","APD 50 (ms)",195.2
"19307006","GP_CTRL_Tyr_1Hz","GP","CTRL","Tyr","1Hz","APD 50 (ms)",145.44
"19307010","GP_CTRL_Tyr_1Hz","GP","CTRL","Tyr","1Hz","APD 50 (ms)",125.44
"19314012","GP_CTRL_Tyr_1Hz","GP","CTRL","Tyr","1Hz","APD 50 (ms)",237.76
"17421005","GP_CTRL_Tyr_2Hz","GP","CTRL","Tyr","2Hz","APD 50 (ms)",146.2
"17421042","GP_CTRL_Tyr_2Hz","GP","CTRL","Tyr","2Hz","APD 50 (ms)",51.44
"17502012","GP_CTRL_Tyr_2Hz","GP","CTRL","Tyr","2Hz","APD 50 (ms)",80.2
"17n30005","GP_CTRL_Tyr_2Hz","GP","CTRL","Tyr","2Hz","APD 50 (ms)",118.192
"17n30009","GP_CTRL_Tyr_2Hz","GP","CTRL","Tyr","2Hz","APD 50 (ms)",0.319999999999999
"17n30014","GP_CTRL_Tyr_2Hz","GP","CTRL","Tyr","2Hz","APD 50 (ms)",145.248
"18215007","GP_CTRL_Tyr_2Hz","GP","CTRL","Tyr","2Hz","APD 50 (ms)",126.88
"18215023","GP_CTRL_Tyr_2Hz","GP","CTRL","Tyr","2Hz","APD 50 (ms)",99.84
"18215030","GP_CTRL_Tyr_2Hz","GP","CTRL","Tyr","2Hz","APD 50 (ms)",136.76
"18215034","GP_CTRL_Tyr_2Hz","GP","CTRL","Tyr","2Hz","APD 50 (ms)",180.4
"18215050","GP_CTRL_Tyr_2Hz","GP","CTRL","Tyr","2Hz","APD 50 (ms)",94.64
"18215065","GP_CTRL_Tyr_2Hz","GP","CTRL","Tyr","2Hz","APD 50 (ms)",100.68
"18215069","GP_CTRL_Tyr_2Hz","GP","CTRL","Tyr","2Hz","APD 50 (ms)",160.44
"18d03013","GP_CTRL_Tyr_2Hz","GP","CTRL","Tyr","2Hz","APD 50 (ms)",86.84
"18d03017","GP_CTRL_Tyr_2Hz","GP","CTRL","Tyr","2Hz","APD 50 (ms)",81.64
"18d03021","GP_CTRL_Tyr_2Hz","GP","CTRL","Tyr","2Hz","APD 50 (ms)",148.4
"18d12022","GP_CTRL_Tyr_2Hz","GP","CTRL","Tyr","2Hz","APD 50 (ms)",100.92
"18d12026","GP_CTRL_Tyr_2Hz","GP","CTRL","Tyr","2Hz","APD 50 (ms)",85.36
"18d12054","GP_CTRL_Tyr_2Hz","GP","CTRL","Tyr","2Hz","APD 50 (ms)",142.08
"19307007_2","GP_CTRL_Tyr_2Hz","GP","CTRL","Tyr","2Hz","APD 50 (ms)",100.56
"19307007","GP_CTRL_Tyr_2Hz","GP","CTRL","Tyr","2Hz","APD 50 (ms)",141.12
"19307011","GP_CTRL_Tyr_2Hz","GP","CTRL","Tyr","2Hz","APD 50 (ms)",134.16
"19314013","GP_CTRL_Tyr_2Hz","GP","CTRL","Tyr","2Hz","APD 50 (ms)",140.32
"17421007","GP_CTRL_Tyr_4Hz","GP","CTRL","Tyr","4Hz","APD 50 (ms)",109.48
"17421043","GP_CTRL_Tyr_4Hz","GP","CTRL","Tyr","4Hz","APD 50 (ms)",32.68
"17502013","GP_CTRL_Tyr_4Hz","GP","CTRL","Tyr","4Hz","APD 50 (ms)",52.48
"17n30006","GP_CTRL_Tyr_4Hz","GP","CTRL","Tyr","4Hz","APD 50 (ms)",73.888
"17n30010","GP_CTRL_Tyr_4Hz","GP","CTRL","Tyr","4Hz","APD 50 (ms)",48.104
"17n30015","GP_CTRL_Tyr_4Hz","GP","CTRL","Tyr","4Hz","APD 50 (ms)",96.552
"18215008","GP_CTRL_Tyr_4Hz","GP","CTRL","Tyr","4Hz","APD 50 (ms)",85.08
"18215024","GP_CTRL_Tyr_4Hz","GP","CTRL","Tyr","4Hz","APD 50 (ms)",30.08
"18215031","GP_CTRL_Tyr_4Hz","GP","CTRL","Tyr","4Hz","APD 50 (ms)",98.84
"18215035","GP_CTRL_Tyr_4Hz","GP","CTRL","Tyr","4Hz","APD 50 (ms)",129.76
"18215051","GP_CTRL_Tyr_4Hz","GP","CTRL","Tyr","4Hz","APD 50 (ms)",72.2
"18215066","GP_CTRL_Tyr_4Hz","GP","CTRL","Tyr","4Hz","APD 50 (ms)",56.6
"18215070","GP_CTRL_Tyr_4Hz","GP","CTRL","Tyr","4Hz","APD 50 (ms)",98.24
"18d03014","GP_CTRL_Tyr_4Hz","GP","CTRL","Tyr","4Hz","APD 50 (ms)",0.199999999999999
"18d03018","GP_CTRL_Tyr_4Hz","GP","CTRL","Tyr","4Hz","APD 50 (ms)",53.4
"18d03022","GP_CTRL_Tyr_4Hz","GP","CTRL","Tyr","4Hz","APD 50 (ms)",64.96
"18d12023","GP_CTRL_Tyr_4Hz","GP","CTRL","Tyr","4Hz","APD 50 (ms)",103.24
"18d12027","GP_CTRL_Tyr_4Hz","GP","CTRL","Tyr","4Hz","APD 50 (ms)",66.92
"18d12055","GP_CTRL_Tyr_4Hz","GP","CTRL","Tyr","4Hz","APD 50 (ms)",85.04
"19307008 2","GP_CTRL_Tyr_4Hz","GP","CTRL","Tyr","4Hz","APD 50 (ms)",70.96
"19307008","GP_CTRL_Tyr_4Hz","GP","CTRL","Tyr","4Hz","APD 50 (ms)",83.2
"19307012","GP_CTRL_Tyr_4Hz","GP","CTRL","Tyr","4Hz","APD 50 (ms)",84.32
"19314014","GP_CTRL_Tyr_4Hz","GP","CTRL","Tyr","4Hz","APD 50 (ms)",18.24
"17421003","GP_CTRL_Tyr_0.5Hz","GP","CTRL","Tyr","0.5Hz","APD 70 (ms)",198.04
"17421040","GP_CTRL_Tyr_0.5Hz","GP","CTRL","Tyr","0.5Hz","APD 70 (ms)",100.92
"17502010","GP_CTRL_Tyr_0.5Hz","GP","CTRL","Tyr","0.5Hz","APD 70 (ms)",132.96
"17n30003","GP_CTRL_Tyr_0.5Hz","GP","CTRL","Tyr","0.5Hz","APD 70 (ms)",0.088
"17n30007","GP_CTRL_Tyr_0.5Hz","GP","CTRL","Tyr","0.5Hz","APD 70 (ms)",288.528
"17n30012","GP_CTRL_Tyr_0.5Hz","GP","CTRL","Tyr","0.5Hz","APD 70 (ms)",223.752
"18215005","GP_CTRL_Tyr_0.5Hz","GP","CTRL","Tyr","0.5Hz","APD 70 (ms)",211.84
"18215021","GP_CTRL_Tyr_0.5Hz","GP","CTRL","Tyr","0.5Hz","APD 70 (ms)",88.64
"18215028","GP_CTRL_Tyr_0.5Hz","GP","CTRL","Tyr","0.5Hz","APD 70 (ms)",237.16
"18215032","GP_CTRL_Tyr_0.5Hz","GP","CTRL","Tyr","0.5Hz","APD 70 (ms)",364.52
"18215048","GP_CTRL_Tyr_0.5Hz","GP","CTRL","Tyr","0.5Hz","APD 70 (ms)",182.04
"18215062","GP_CTRL_Tyr_0.5Hz","GP","CTRL","Tyr","0.5Hz","APD 70 (ms)",120.04
"18215067","GP_CTRL_Tyr_0.5Hz","GP","CTRL","Tyr","0.5Hz","APD 70 (ms)",270.96
"18d03011","GP_CTRL_Tyr_0.5Hz","GP","CTRL","Tyr","0.5Hz","APD 70 (ms)",160.92
"18d03015","GP_CTRL_Tyr_0.5Hz","GP","CTRL","Tyr","0.5Hz","APD 70 (ms)",173.68
"18d03019","GP_CTRL_Tyr_0.5Hz","GP","CTRL","Tyr","0.5Hz","APD 70 (ms)",197.48
"18d12020","GP_CTRL_Tyr_0.5Hz","GP","CTRL","Tyr","0.5Hz","APD 70 (ms)",156.32
"18d12024","GP_CTRL_Tyr_0.5Hz","GP","CTRL","Tyr","0.5Hz","APD 70 (ms)",134.28
"18d12052","GP_CTRL_Tyr_0.5Hz","GP","CTRL","Tyr","0.5Hz","APD 70 (ms)",198.84
"19307004","GP_CTRL_Tyr_0.5Hz","GP","CTRL","Tyr","0.5Hz","APD 70 (ms)",174.36
"19307005","GP_CTRL_Tyr_0.5Hz","GP","CTRL","Tyr","0.5Hz","APD 70 (ms)",162.72
"19307009","GP_CTRL_Tyr_0.5Hz","GP","CTRL","Tyr","0.5Hz","APD 70 (ms)",158.56
"19314011","GP_CTRL_Tyr_0.5Hz","GP","CTRL","Tyr","0.5Hz","APD 70 (ms)",362.28
"17421004","GP_CTRL_Tyr_1Hz","GP","CTRL","Tyr","1Hz","APD 70 (ms)",177.92
"17421041","GP_CTRL_Tyr_1Hz","GP","CTRL","Tyr","1Hz","APD 70 (ms)",74.16
"17502011","GP_CTRL_Tyr_1Hz","GP","CTRL","Tyr","1Hz","APD 70 (ms)",107.2
"17n30004","GP_CTRL_Tyr_1Hz","GP","CTRL","Tyr","1Hz","APD 70 (ms)",173.432
"17n30008","GP_CTRL_Tyr_1Hz","GP","CTRL","Tyr","1Hz","APD 70 (ms)",191.88
"17n30013","GP_CTRL_Tyr_1Hz","GP","CTRL","Tyr","1Hz","APD 70 (ms)",208.228
"18215006","GP_CTRL_Tyr_1Hz","GP","CTRL","Tyr","1Hz","APD 70 (ms)",167.08
"18215022","GP_CTRL_Tyr_1Hz","GP","CTRL","Tyr","1Hz","APD 70 (ms)",111.68
"18215029","GP_CTRL_Tyr_1Hz","GP","CTRL","Tyr","1Hz","APD 70 (ms)",207.56
"18215033","GP_CTRL_Tyr_1Hz","GP","CTRL","Tyr","1Hz","APD 70 (ms)",332.28
"18215049","GP_CTRL_Tyr_1Hz","GP","CTRL","Tyr","1Hz","APD 70 (ms)",130.68
"18215063","GP_CTRL_Tyr_1Hz","GP","CTRL","Tyr","1Hz","APD 70 (ms)",134.4
"18215068","GP_CTRL_Tyr_1Hz","GP","CTRL","Tyr","1Hz","APD 70 (ms)",225.36
"18d03012","GP_CTRL_Tyr_1Hz","GP","CTRL","Tyr","1Hz","APD 70 (ms)",128.28
"18d03016","GP_CTRL_Tyr_1Hz","GP","CTRL","Tyr","1Hz","APD 70 (ms)",153.36
"18d03020","GP_CTRL_Tyr_1Hz","GP","CTRL","Tyr","1Hz","APD 70 (ms)",173.44
"18d12021","GP_CTRL_Tyr_1Hz","GP","CTRL","Tyr","1Hz","APD 70 (ms)",150.92
"18d12025","GP_CTRL_Tyr_1Hz","GP","CTRL","Tyr","1Hz","APD 70 (ms)",111.76
"18d12053","GP_CTRL_Tyr_1Hz","GP","CTRL","Tyr","1Hz","APD 70 (ms)",185
"19307005","GP_CTRL_Tyr_1Hz","GP","CTRL","Tyr","1Hz","APD 70 (ms)",207.92
"19307006","GP_CTRL_Tyr_1Hz","GP","CTRL","Tyr","1Hz","APD 70 (ms)",163.2
"19307010","GP_CTRL_Tyr_1Hz","GP","CTRL","Tyr","1Hz","APD 70 (ms)",136.8
"19314012","GP_CTRL_Tyr_1Hz","GP","CTRL","Tyr","1Hz","APD 70 (ms)",255.32
"17421005","GP_CTRL_Tyr_2Hz","GP","CTRL","Tyr","2Hz","APD 70 (ms)",162.2
"17421042","GP_CTRL_Tyr_2Hz","GP","CTRL","Tyr","2Hz","APD 70 (ms)",58.32
"17502012","GP_CTRL_Tyr_2Hz","GP","CTRL","Tyr","2Hz","APD 70 (ms)",90.6
"17n30005","GP_CTRL_Tyr_2Hz","GP","CTRL","Tyr","2Hz","APD 70 (ms)",149.26
"17n30009","GP_CTRL_Tyr_2Hz","GP","CTRL","Tyr","2Hz","APD 70 (ms)",1.104
"17n30014","GP_CTRL_Tyr_2Hz","GP","CTRL","Tyr","2Hz","APD 70 (ms)",173.988
"18215007","GP_CTRL_Tyr_2Hz","GP","CTRL","Tyr","2Hz","APD 70 (ms)",142.4
"18215023","GP_CTRL_Tyr_2Hz","GP","CTRL","Tyr","2Hz","APD 70 (ms)",114.68
"18215030","GP_CTRL_Tyr_2Hz","GP","CTRL","Tyr","2Hz","APD 70 (ms)",152.12
"18215034","GP_CTRL_Tyr_2Hz","GP","CTRL","Tyr","2Hz","APD 70 (ms)",194.24
"18215050","GP_CTRL_Tyr_2Hz","GP","CTRL","Tyr","2Hz","APD 70 (ms)",108.2
"18215065","GP_CTRL_Tyr_2Hz","GP","CTRL","Tyr","2Hz","APD 70 (ms)",111
"18215069","GP_CTRL_Tyr_2Hz","GP","CTRL","Tyr","2Hz","APD 70 (ms)",174.96
"18d03013","GP_CTRL_Tyr_2Hz","GP","CTRL","Tyr","2Hz","APD 70 (ms)",101.56
"18d03017","GP_CTRL_Tyr_2Hz","GP","CTRL","Tyr","2Hz","APD 70 (ms)",94.84
"18d03021","GP_CTRL_Tyr_2Hz","GP","CTRL","Tyr","2Hz","APD 70 (ms)",166.44
"18d12022","GP_CTRL_Tyr_2Hz","GP","CTRL","Tyr","2Hz","APD 70 (ms)",115.48
"18d12026","GP_CTRL_Tyr_2Hz","GP","CTRL","Tyr","2Hz","APD 70 (ms)",104.04
"18d12054","GP_CTRL_Tyr_2Hz","GP","CTRL","Tyr","2Hz","APD 70 (ms)",160
"19307007_2","GP_CTRL_Tyr_2Hz","GP","CTRL","Tyr","2Hz","APD 70 (ms)",116.68
"19307007","GP_CTRL_Tyr_2Hz","GP","CTRL","Tyr","2Hz","APD 70 (ms)",160.76
"19307011","GP_CTRL_Tyr_2Hz","GP","CTRL","Tyr","2Hz","APD 70 (ms)",146.04
"19314013","GP_CTRL_Tyr_2Hz","GP","CTRL","Tyr","2Hz","APD 70 (ms)",159.2
"17421007","GP_CTRL_Tyr_4Hz","GP","CTRL","Tyr","4Hz","APD 70 (ms)",126.84
"17421043","GP_CTRL_Tyr_4Hz","GP","CTRL","Tyr","4Hz","APD 70 (ms)",39.08
"17502013","GP_CTRL_Tyr_4Hz","GP","CTRL","Tyr","4Hz","APD 70 (ms)",62.68
"17n30006","GP_CTRL_Tyr_4Hz","GP","CTRL","Tyr","4Hz","APD 70 (ms)",120.844
"17n30010","GP_CTRL_Tyr_4Hz","GP","CTRL","Tyr","4Hz","APD 70 (ms)",93.18
"17n30015","GP_CTRL_Tyr_4Hz","GP","CTRL","Tyr","4Hz","APD 70 (ms)",119.32
"18215008","GP_CTRL_Tyr_4Hz","GP","CTRL","Tyr","4Hz","APD 70 (ms)",101
"18215024","GP_CTRL_Tyr_4Hz","GP","CTRL","Tyr","4Hz","APD 70 (ms)",38.92
"18215031","GP_CTRL_Tyr_4Hz","GP","CTRL","Tyr","4Hz","APD 70 (ms)",116.32
"18215035","GP_CTRL_Tyr_4Hz","GP","CTRL","Tyr","4Hz","APD 70 (ms)",144.76
"18215051","GP_CTRL_Tyr_4Hz","GP","CTRL","Tyr","4Hz","APD 70 (ms)",85.96
"18215066","GP_CTRL_Tyr_4Hz","GP","CTRL","Tyr","4Hz","APD 70 (ms)",66.92
"18215070","GP_CTRL_Tyr_4Hz","GP","CTRL","Tyr","4Hz","APD 70 (ms)",112.16
"18d03014","GP_CTRL_Tyr_4Hz","GP","CTRL","Tyr","4Hz","APD 70 (ms)",1
"18d03018","GP_CTRL_Tyr_4Hz","GP","CTRL","Tyr","4Hz","APD 70 (ms)",65.84
"18d03022","GP_CTRL_Tyr_4Hz","GP","CTRL","Tyr","4Hz","APD 70 (ms)",79.84
"18d12023","GP_CTRL_Tyr_4Hz","GP","CTRL","Tyr","4Hz","APD 70 (ms)",121.68
"18d12027","GP_CTRL_Tyr_4Hz","GP","CTRL","Tyr","4Hz","APD 70 (ms)",86.6
"18d12055","GP_CTRL_Tyr_4Hz","GP","CTRL","Tyr","4Hz","APD 70 (ms)",100.96
"19307008 2","GP_CTRL_Tyr_4Hz","GP","CTRL","Tyr","4Hz","APD 70 (ms)",89.96
"19307008","GP_CTRL_Tyr_4Hz","GP","CTRL","Tyr","4Hz","APD 70 (ms)",100.96
"19307012","GP_CTRL_Tyr_4Hz","GP","CTRL","Tyr","4Hz","APD 70 (ms)",95.12
"19314014","GP_CTRL_Tyr_4Hz","GP","CTRL","Tyr","4Hz","APD 70 (ms)",24.96
"17421003","GP_CTRL_Tyr_0.5Hz","GP","CTRL","Tyr","0.5Hz","APD 90 (ms)",206
"17421040","GP_CTRL_Tyr_0.5Hz","GP","CTRL","Tyr","0.5Hz","APD 90 (ms)",105.08
"17502010","GP_CTRL_Tyr_0.5Hz","GP","CTRL","Tyr","0.5Hz","APD 90 (ms)",137.72
"17n30003","GP_CTRL_Tyr_0.5Hz","GP","CTRL","Tyr","0.5Hz","APD 90 (ms)",0.072
"17n30007","GP_CTRL_Tyr_0.5Hz","GP","CTRL","Tyr","0.5Hz","APD 90 (ms)",299.788
"17n30012","GP_CTRL_Tyr_0.5Hz","GP","CTRL","Tyr","0.5Hz","APD 90 (ms)",232.572
"18215005","GP_CTRL_Tyr_0.5Hz","GP","CTRL","Tyr","0.5Hz","APD 90 (ms)",218.8
"18215021","GP_CTRL_Tyr_0.5Hz","GP","CTRL","Tyr","0.5Hz","APD 90 (ms)",94.28
"18215028","GP_CTRL_Tyr_0.5Hz","GP","CTRL","Tyr","0.5Hz","APD 90 (ms)",244.64
"18215032","GP_CTRL_Tyr_0.5Hz","GP","CTRL","Tyr","0.5Hz","APD 90 (ms)",371.12
"18215048","GP_CTRL_Tyr_0.5Hz","GP","CTRL","Tyr","0.5Hz","APD 90 (ms)",189.08
"18215062","GP_CTRL_Tyr_0.5Hz","GP","CTRL","Tyr","0.5Hz","APD 90 (ms)",125.52
"18215067","GP_CTRL_Tyr_0.5Hz","GP","CTRL","Tyr","0.5Hz","APD 90 (ms)",278.04
"18d03011","GP_CTRL_Tyr_0.5Hz","GP","CTRL","Tyr","0.5Hz","APD 90 (ms)",167.84
"18d03015","GP_CTRL_Tyr_0.5Hz","GP","CTRL","Tyr","0.5Hz","APD 90 (ms)",180.08
"18d03019","GP_CTRL_Tyr_0.5Hz","GP","CTRL","Tyr","0.5Hz","APD 90 (ms)",206.48
"18d12020","GP_CTRL_Tyr_0.5Hz","GP","CTRL","Tyr","0.5Hz","APD 90 (ms)",164.04
"18d12024","GP_CTRL_Tyr_0.5Hz","GP","CTRL","Tyr","0.5Hz","APD 90 (ms)",142.52
"18d12052","GP_CTRL_Tyr_0.5Hz","GP","CTRL","Tyr","0.5Hz","APD 90 (ms)",206.6
"19307004","GP_CTRL_Tyr_0.5Hz","GP","CTRL","Tyr","0.5Hz","APD 90 (ms)",181.8
"19307005","GP_CTRL_Tyr_0.5Hz","GP","CTRL","Tyr","0.5Hz","APD 90 (ms)",171.12
"19307009","GP_CTRL_Tyr_0.5Hz","GP","CTRL","Tyr","0.5Hz","APD 90 (ms)",164.96
"19314011","GP_CTRL_Tyr_0.5Hz","GP","CTRL","Tyr","0.5Hz","APD 90 (ms)",371.16
"17421004","GP_CTRL_Tyr_1Hz","GP","CTRL","Tyr","1Hz","APD 90 (ms)",185.36
"17421041","GP_CTRL_Tyr_1Hz","GP","CTRL","Tyr","1Hz","APD 90 (ms)",78.04
"17502011","GP_CTRL_Tyr_1Hz","GP","CTRL","Tyr","1Hz","APD 90 (ms)",111.8
"17n30004","GP_CTRL_Tyr_1Hz","GP","CTRL","Tyr","1Hz","APD 90 (ms)",184.516
"17n30008","GP_CTRL_Tyr_1Hz","GP","CTRL","Tyr","1Hz","APD 90 (ms)",202.816
"17n30013","GP_CTRL_Tyr_1Hz","GP","CTRL","Tyr","1Hz","APD 90 (ms)",217.824
"18215006","GP_CTRL_Tyr_1Hz","GP","CTRL","Tyr","1Hz","APD 90 (ms)",174.16
"18215022","GP_CTRL_Tyr_1Hz","GP","CTRL","Tyr","1Hz","APD 90 (ms)",117.56
"18215029","GP_CTRL_Tyr_1Hz","GP","CTRL","Tyr","1Hz","APD 90 (ms)",215.6
"18215033","GP_CTRL_Tyr_1Hz","GP","CTRL","Tyr","1Hz","APD 90 (ms)",339.28
"18215049","GP_CTRL_Tyr_1Hz","GP","CTRL","Tyr","1Hz","APD 90 (ms)",137.64
"18215063","GP_CTRL_Tyr_1Hz","GP","CTRL","Tyr","1Hz","APD 90 (ms)",139.52
"18215068","GP_CTRL_Tyr_1Hz","GP","CTRL","Tyr","1Hz","APD 90 (ms)",232.32
"18d03012","GP_CTRL_Tyr_1Hz","GP","CTRL","Tyr","1Hz","APD 90 (ms)",135
"18d03016","GP_CTRL_Tyr_1Hz","GP","CTRL","Tyr","1Hz","APD 90 (ms)",159.68
"18d03020","GP_CTRL_Tyr_1Hz","GP","CTRL","Tyr","1Hz","APD 90 (ms)",183.12
"18d12021","GP_CTRL_Tyr_1Hz","GP","CTRL","Tyr","1Hz","APD 90 (ms)",158.76
"18d12025","GP_CTRL_Tyr_1Hz","GP","CTRL","Tyr","1Hz","APD 90 (ms)",122.96
"18d12053","GP_CTRL_Tyr_1Hz","GP","CTRL","Tyr","1Hz","APD 90 (ms)",193.2
"19307005","GP_CTRL_Tyr_1Hz","GP","CTRL","Tyr","1Hz","APD 90 (ms)",214.12
"19307006","GP_CTRL_Tyr_1Hz","GP","CTRL","Tyr","1Hz","APD 90 (ms)",171.8
"19307010","GP_CTRL_Tyr_1Hz","GP","CTRL","Tyr","1Hz","APD 90 (ms)",141.96
"19314012","GP_CTRL_Tyr_1Hz","GP","CTRL","Tyr","1Hz","APD 90 (ms)",263.68
"17421005","GP_CTRL_Tyr_2Hz","GP","CTRL","Tyr","2Hz","APD 90 (ms)",170.6
"17421042","GP_CTRL_Tyr_2Hz","GP","CTRL","Tyr","2Hz","APD 90 (ms)",62.12
"17502012","GP_CTRL_Tyr_2Hz","GP","CTRL","Tyr","2Hz","APD 90 (ms)",95.44
"17n30005","GP_CTRL_Tyr_2Hz","GP","CTRL","Tyr","2Hz","APD 90 (ms)",161.176
"17n30009","GP_CTRL_Tyr_2Hz","GP","CTRL","Tyr","2Hz","APD 90 (ms)",2.412
"17n30014","GP_CTRL_Tyr_2Hz","GP","CTRL","Tyr","2Hz","APD 90 (ms)",185.3
"18215007","GP_CTRL_Tyr_2Hz","GP","CTRL","Tyr","2Hz","APD 90 (ms)",150.12
"18215023","GP_CTRL_Tyr_2Hz","GP","CTRL","Tyr","2Hz","APD 90 (ms)",121.12
"18215030","GP_CTRL_Tyr_2Hz","GP","CTRL","Tyr","2Hz","APD 90 (ms)",159.92
"18215034","GP_CTRL_Tyr_2Hz","GP","CTRL","Tyr","2Hz","APD 90 (ms)",200.64
"18215050","GP_CTRL_Tyr_2Hz","GP","CTRL","Tyr","2Hz","APD 90 (ms)",115.2
"18215065","GP_CTRL_Tyr_2Hz","GP","CTRL","Tyr","2Hz","APD 90 (ms)",116.2
"18215069","GP_CTRL_Tyr_2Hz","GP","CTRL","Tyr","2Hz","APD 90 (ms)",182.36
"18d03013","GP_CTRL_Tyr_2Hz","GP","CTRL","Tyr","2Hz","APD 90 (ms)",109.76
"18d03017","GP_CTRL_Tyr_2Hz","GP","CTRL","Tyr","2Hz","APD 90 (ms)",101.24
"18d03021","GP_CTRL_Tyr_2Hz","GP","CTRL","Tyr","2Hz","APD 90 (ms)",176.68
"18d12022","GP_CTRL_Tyr_2Hz","GP","CTRL","Tyr","2Hz","APD 90 (ms)",123.44
"18d12026","GP_CTRL_Tyr_2Hz","GP","CTRL","Tyr","2Hz","APD 90 (ms)",114
"18d12054","GP_CTRL_Tyr_2Hz","GP","CTRL","Tyr","2Hz","APD 90 (ms)",168.76
"19307007_2","GP_CTRL_Tyr_2Hz","GP","CTRL","Tyr","2Hz","APD 90 (ms)",123.48
"19307007","GP_CTRL_Tyr_2Hz","GP","CTRL","Tyr","2Hz","APD 90 (ms)",169.84
"19307011","GP_CTRL_Tyr_2Hz","GP","CTRL","Tyr","2Hz","APD 90 (ms)",151.36
"19314013","GP_CTRL_Tyr_2Hz","GP","CTRL","Tyr","2Hz","APD 90 (ms)",167.6
"17421007","GP_CTRL_Tyr_4Hz","GP","CTRL","Tyr","4Hz","APD 90 (ms)",135.68
"17421043","GP_CTRL_Tyr_4Hz","GP","CTRL","Tyr","4Hz","APD 90 (ms)",42.92
"17502013","GP_CTRL_Tyr_4Hz","GP","CTRL","Tyr","4Hz","APD 90 (ms)",67.56
"17n30006","GP_CTRL_Tyr_4Hz","GP","CTRL","Tyr","4Hz","APD 90 (ms)",141.992
"17n30010","GP_CTRL_Tyr_4Hz","GP","CTRL","Tyr","4Hz","APD 90 (ms)",110.176
"17n30015","GP_CTRL_Tyr_4Hz","GP","CTRL","Tyr","4Hz","APD 90 (ms)",128.636
"18215008","GP_CTRL_Tyr_4Hz","GP","CTRL","Tyr","4Hz","APD 90 (ms)",109.6
"18215024","GP_CTRL_Tyr_4Hz","GP","CTRL","Tyr","4Hz","APD 90 (ms)",45.28
"18215031","GP_CTRL_Tyr_4Hz","GP","CTRL","Tyr","4Hz","APD 90 (ms)",125.12
"18215035","GP_CTRL_Tyr_4Hz","GP","CTRL","Tyr","4Hz","APD 90 (ms)",151.72
"18215051","GP_CTRL_Tyr_4Hz","GP","CTRL","Tyr","4Hz","APD 90 (ms)",93.28
"18215066","GP_CTRL_Tyr_4Hz","GP","CTRL","Tyr","4Hz","APD 90 (ms)",72.52
"18215070","GP_CTRL_Tyr_4Hz","GP","CTRL","Tyr","4Hz","APD 90 (ms)",119.64
"18d03014","GP_CTRL_Tyr_4Hz","GP","CTRL","Tyr","4Hz","APD 90 (ms)",2.4
"18d03018","GP_CTRL_Tyr_4Hz","GP","CTRL","Tyr","4Hz","APD 90 (ms)",72.24
"18d03022","GP_CTRL_Tyr_4Hz","GP","CTRL","Tyr","4Hz","APD 90 (ms)",89.32
"18d12023","GP_CTRL_Tyr_4Hz","GP","CTRL","Tyr","4Hz","APD 90 (ms)",130.76
"18d12027","GP_CTRL_Tyr_4Hz","GP","CTRL","Tyr","4Hz","APD 90 (ms)",97.52
"18d12055","GP_CTRL_Tyr_4Hz","GP","CTRL","Tyr","4Hz","APD 90 (ms)",109.36
"19307008 2","GP_CTRL_Tyr_4Hz","GP","CTRL","Tyr","4Hz","APD 90 (ms)",98
"19307008","GP_CTRL_Tyr_4Hz","GP","CTRL","Tyr","4Hz","APD 90 (ms)",109.6
"19307012","GP_CTRL_Tyr_4Hz","GP","CTRL","Tyr","4Hz","APD 90 (ms)",100.12
"19314014","GP_CTRL_Tyr_4Hz","GP","CTRL","Tyr","4Hz","APD 90 (ms)",31.24
